内容,反馈产品,问题类型,问题标签,问题样张,组件,设备系统版本,设备系统语言,云开关状态,ABI类型,SVN号,VC值,最后处理人昵称,内部附件列表,系统语言,云同步状态
这也太坑人了吧,WPS OFFICE,,,,home,Win32,,,,,,,,zh-CN,manual
我想打开在线智能表单，点这个新建空白表单按钮没反应。每次都是我打开以前创建的表单，然后新建新的表单才弄好。,WPS2019,,,,encode,Win32,,,,,,,,zh-CN,manual
我是超级会员，但录制完视频后，显示只能保存2分钟，提醒我开通超级会员，请尽快处理！！很急，请尽快处理！！录制好的视频不能保存，如果要重新录制，这样我肯定会投诉的！！！,PC端个人中心,,,,wpsoffice,Win32,,,,,,,,zh-CN,auto
“网关ping失败”，检查适配器网关配置正确，其他软件网络连接都没问题，就WPS总是出现这种状况,组件内云状态图标,,,,kdiagnostictools_cloudstatusicon_syncerror,Win32,,,,,,,,zh-CN,auto
ID:365170625 之前自动续费的  要申请退款 谢谢,WPS2019,,,,encode,Win32,,,,,,,,zh-CN,manual
电脑上的好多字体不能用，AI思维导图功能不见了，PPT怎么还要另收费。目录就想想这几个,WPSX64内测版本,,,,home beta,Win32,,,,,,,,zh-CN,manual
点击转换PDF后弹出弹窗不比再点击开始输出，像没更新之前一样，节省时间,输出为PDF,其他，请在反馈内容描述您的问题,,,ET,Win32,,,,,,,,zh-CN,manual
打不开,拼音指南,,,,WPS,Win32,,,,,,,,zh-CN,auto
文件修改完保存不了，显示会员到期,PC端个人中心,,,,wpsoffice,Win32,,,,,,,,zh-CN,unknown
为什么保存PDF格式无法加密了,PC端个人中心,,,,wpsoffice,Win32,,,,,,,,zh-CN,manual
WORD版本里面都是正常的显示，转成PDF的就经常出现这种问题，明明有文件的就变成空白的了，这样给我造成很麻烦的返工,PC端个人中心,,,,wpsoffice,Win32,,,,,,,,zh-CN,manual
相同AI文件分析要求，十一月使用没有问题，十二月使用就告知无法生成。,WPS AI,未按要求生成结果,,,encode,Win32,,,,,,,,zh-CN,auto
一直提示共享文件夹失败,2019卸载反馈,,,,KUninstallUI2,,,,,,,,,,
打开不了原素材,金山技能职教平台,,,,footer,Win32,,,,,,,,zh-CN,manual
筛选的项目太少 无法满足实际需要。。。建议20w到100万行。或者不要限定行数。,AI 筛选,,,,et,Win32,,,,,,,,zh-CN,auto
打开软件出现报错,WPS OFFICE,,,,home,Win32,,,,,,,,zh-CN,auto
打广告不是不行，但不能影响客户使用。我这里要将文件另存为，需要选择原文档位置保存，就在左下角这个广告栏后面，请问我怎么使用？我们购买的权益够多了，不要太过分了。,WPS OFFICE,,,,home,Win32,,,,,,,,zh-CN,auto
图片管理怎么设置不自动更新，现在编辑一个图片越来越复杂,WPS图片编辑器,,,ks3_userfile/1766105577031/6932178913714361.jpg,photo_outside,Win32,,,,,,,,zh-CN,auto
更新后word转pdf保存路径中式提示与当前账号保存路径不匹配,WPS2019,,,,encode,Win32,,,,,,,,zh-CN,auto
文件打不开,WPS2019,,,,et,Win32,,,,,,,,zh-CN,manual
双击复制框内的内容 都会卡死，导致重新加载，你这wps能不能行了，不行我就用微软原版的了，再也不用你这个wps了，垃圾的很,WPS2019,,,,et,Win32,,,,,,,,zh-CN,manual
ai挡着我编辑文档了。烦得很，不需要！！！！建议设计一个不需要ai的功能,WPS AI,其他问题或建议,,,wps,Win32,,,,,,,,zh-CN,auto
你好。。打开WPS演示的时候，文件带视频演示的位置就需要等好久才能播放。怎么解决吗,WPS OFFICE,,,,home,Win32,,,,,,,,zh-CN,manual
我记得是有桌面整理小程序的吧？现在应用市场为何搜索不到？,应用市场,,,,application,Win32,,,,,,,,zh-CN,auto
"[nps_web_pdf_read];[10];[功能全面,性能稳定无卡顿,界面清晰/功能好找];[]",净推荐值,,,,,windows_wpsdrive,,,,,,,,,
总是被打开设备文档云同步，已经关闭很多次了，还是自动打开,WPS OFFICE,,,,home,Win32,,,,,,,,zh-CN,manual
功能区变成黑色,WPS OFFICE,,,,home,Win32,,,,,,,,zh-CN,manual
有多台打印机时，打印机无法选择其他打印机,打印预览和打印,,,,et,Win32,,,,,,,,zh-CN,auto
关闭同步了，还是一直在同步,WPS云盘（同步助手）,文件传输异常,,,同步助手,Win32,,,,,,,,zh-CN,manual
广告能不呢少点,WPS云盘客户端,,,,application,Win32,,,,,,,,zh-CN,manual
扣除的积分退还,WPS OFFICE,,,,home,Win32,,,,,,,,zh-CN,auto
居然打不开文档 一直加载 然后失败 卸载重装,WPS2019,,,,KUninstall,,,,,,,,,,
校对功能无法使用,WPS故障检测,,,,kdiagnostictools_ksomisc,Win32,,,,,,,,zh-CN,manual
输出为长图的清晰度不足,输出为图片,转换效果不满意,,,WPS,Win32,,,,,,,,zh-CN,auto
网格线 变得很深色 不喜欢,2019卸载反馈,,,,KUninstallUI2,,,,,,,,,,
希望你们好好提升wps文字的图片文字识别（无论是质量还是效果）、翻译等基础功能，太垃圾了，又慢又差，就是半成品。我不得不复制出来到其他地方处理。现在AI遍地都是， 哪个都比你们现在用的强，赶紧换了吧，丢人现眼。搞不出门就别自研，先把基本体验提升了。,WPS文字,,,,home,Win32,,,,,,,,zh-CN,auto
伴写建议取消文档字数须在5万字以内的限制,AI伴写,,,,word,Win32,,,,,,,,zh-CN,auto
[nps_web_pdf_read];[0];[会员费用不合理];[],净推荐值,,,,,windows_browser,,,,,,,,,
任何文件夹都打不开了  这是怎么回事,WPS OFFICE,,,,home,Win32,,,,,,,,zh-CN,auto
打开图片，使用水印功能。刚下载时可以添加文字水印，且可编辑文字，使用几天后，添加智能水印功能就无法添加可编辑水印,2019卸载反馈,,,,KUninstallUI2,,,,,,,,,,
你们的IA图片不适用，好像很多日语哦,AI 生成图片,,,,wpp,Win32,,,,,,,,zh-CN,auto
您好！请问能不能改回原来那样 最基础的亮度、对比度调节一点都不方便 基础功能放在角落里 真的很本末倒置啊！！！！拜托能不能修改回原来的页面 或者改方便一点 谢谢！！,WPS图片编辑器,,,ks3_userfile/1766104899855/1738400534699798.jpg,photo_outside,Win32,,,,,,,,zh-CN,manual
过于卡顿，对工作影响很大,预览窗格,,,,wpsPreviewpane,Win32,,,,,,,,zh-CN,auto
打开不了xml的文件,WPS2019,,,,et,Win32,,,,,,,,zh-CN,manual
本地网络没有问题，一直显示网络异常,WPS故障检测,,,,kdiagnostictools_feedback_page,Win32,,,,,,,,zh-CN,manual
为什么表格用几天就不能正常使用  很多格式都灰色   不加会员普通的表格功能都不给用了，无语。能不这么商业化吗,2019卸载反馈,,,,KUninstallUI2,,,,,,,,,,
希望你们好好提升wps文字的文字识别（无论是质量还是效果）、翻译等基础功能，太垃圾了，又慢又差，不得不复制出来到其他地方处理。现在AI遍地都是， 哪个都比你们现在用的强，赶紧换了,WPS文字,,,,home,Win32,,,,,,,,zh-CN,auto
c盘显示已满，其中wps的文件占大多数，请问我该如何将wps drive的数据从c盘移到D盘？,WPS OFFICE,,,,home,Win32,,,,,,,,zh-CN,auto
五笔不让用,2019卸载反馈,,,,KUninstallUI2,,,,,,,,,,
占存空间大,WPS2019,,,,KUninstall,,,,,,,,,,
弹窗太多,WPS2019,,,,KUninstall,,,,,,,,,,
[nps_web_pdf_read];[7];[会员费用];[],净推荐值,,,,,windows_wpsdrive,,,,,,,,,
不 充会员不能用字体,2019卸载反馈,,,,KUninstallUI2,,,,,,,,,,
test:/feedback/api/v1/submit,test_app,,,,test_name,,,,,,,,,,
test:/feedback/api/v2/submit,TEST_APP,,,,test_name,test_version,,,,,,,,,
不能正常关闭,WPS OFFICE,,,,home,Win32,,,,,,,,zh-CN,manual
WPS超级会员PPT文件用的里面的模板图案发到另一个没有会员的电脑上，还能正常显示吗？如果 是字体呢，发现有的就变了,任务窗格,,,,wpp,Win32,,,,,,,,zh-CN,manual
PDF合并显示网络异常，加载失败,WPS PDF,,,,wpspdf,Win32,,,,,,,,zh-CN,manual
电脑版皮肤更新太少，会员就会推一堆，对应皮肤就懒得做,外观设置,,,,wpsoffice,Win32,,,,,,,,zh-CN,auto
当表格、word文件里面有附件，在下载时可以打包在一个文件夹里面，腾讯文档有类似的功能。,WPS OFFICE,,,,home,Win32,,,,,,,,zh-CN,auto
和Excel服务器不能共存,2019卸载反馈,,,,KUninstallUI2,,,,,,,,,,
"[nps_web_pdf_read];[10];[功能全面,界面清晰/功能好找,内容清晰无误,AI操作便捷、效果好,性能稳定无卡顿,功能操作简单,会员费用合理,产品口碑好、服务好];[]",净推荐值,,,,,windows_wpsdrive,,,,,,,,,
窗口无法关闭,PC端个人中心,,,,wpsoffice,Win32,,,,,,,,zh-CN,auto
怎么删除云字体，不要自动给我改格式啊,云字体,,,,wps,Win32,,,,,,,,zh-CN,manual
表格无法打开,WPS2019,,,,et,Win32,,,,,,,,zh-CN,manual
挑选模板后ppt无法生成,一键生成幻灯片,,,,wpp,Win32,,,,,,,,zh-CN,manual
WPS新升级后，工具栏模糊。,WPS OFFICE,,,,home,Win32,,,,,,,,zh-CN,auto
WPS全文翻译功能用不了，有超级会员但是账号没给权限,WPS OFFICE,,,,home,Win32,,,,,,,,zh-CN,auto
经常找不到该软件，有时不会自启动，再WPS上也找不到，在电脑上也找不到。,WPS桌面助手,,,,kdesktop,Win32,,,,,,,,zh-CN,manual
校对功能不显示,PC端个人中心,,,,wpsoffice,Win32,,,,,,,,zh-CN,manual
账号在别的电脑上登陆过，如何删除登录,PC端个人中心,,,,wpsoffice,Win32,,,,,,,,zh-CN,manual
dxf打开方式,2019卸载反馈,,,,KUninstallUI2,,,,,,,,,,
安装新版,WPS2019,,,,KUninstall,,,,,,,,,,
默认网格线颜色太深，跟加了边框一样，建议调回原来那种淡色！！！,WPS2019,,,,encode,Win32,,,,,,,,zh-CN,manual
[nps_web_ap_read];[7];[会员费用];[],净推荐值,,,,,windows_browser,,,,,,,,,
免费的模板应该单独列出来,2023版新建,其他，请在反馈内容描述您的问题,,,wps,Win32,,,,,,,,zh-CN,manual
不适用,2019卸载反馈,,,,KUninstallUI2,,,,,,,,,,
你好：在表格里面插入一个合同章，为什么另存为PDF会变形？,WPS OFFICE,,,,home,Win32,,,,,,,,zh-CN,auto
在线表格变英文了 怎么处理,WPS OFFICE,,,,home,Win32,,,,,,,,zh-CN,auto
为什么没有自定义按键，我想把菜单栏字体调大，请问如何操作？,外观设置,,,,wpsoffice,Win32,,,,,,,,zh-CN,auto
双屏分辨率不同的情况下，excel，pdf均出现选中偏移问题，必须重启？这么大的公司，这点问题都解决不了？而且也没有在线客服，我们交会员有什么意义？,WPS OFFICE,,,,home,Win32,,,,,,,,zh-CN,manual
超级卡顿,WPS OFFICE,,,,home,Win32,,,,,,,,zh-CN,auto
为什么经常卡死需要重新载入,WPS2019,,,,et,Win32,,,,,,,,zh-CN,manual
word审阅中插入批注后，格式为什么不显示,WPS OFFICE,,,,home,Win32,,,,,,,,zh-CN,auto
工具栏及操作栏底色变黑,外观设置,,,,wpsoffice,Win32,,,,,,,,zh-CN,unknown
"[nps_web_ap_read];[0];[AI功能复杂、效果差,界面不清晰/功能难找,功能缺失,产品口碑一般、服务差,其他,会员费用不合理,功能操作难,性能不稳定易卡顿];[]",净推荐值,,,,,windows_wpsdrive,,,,,,,,,
开通会员之后，如何找会登录账号及密码,WPS PDF,,,,CRASH_DIALOG,Win32,,,,,,,,,
打开文件后，无法编辑,WPS2019,,,,KUninstall,,,,,,,,,,
我在使用打印功能时完全不需要任何高级功能，但使用期间高级功能总会自动开启，且自动开始修图，严重影响正常办公速度，请关闭此功能，或改为只要使用者选择关闭此功能则不会自动开启,图片打印,,,ks3_userfile/1766103401401/8972230273144838.jpg,photoprintapp,Win32,,,,,,,,zh-CN,auto
要点脸把，批量删出文件还要会员啊,WPS2019,,,,encode,Win32,,,,,,,,zh-CN,manual
为什么我的wps大会员版可以看到其他和我无关公司的文档信息？这些文档从来没有用过、接触过。那么反过来我的重要文档是不是也会被公开。wps是不是存在信息泄露和数据泄露的风险。,WPS OFFICE,,,,home,Win32,,,,,,,,zh-CN,auto
打不开,WPS2019,,,,et,Win32,,,,,,,,zh-CN,manual
我操 我昨晚写的报告不见了,WPS OFFICE,,,,home,Win32,,,,,,,,zh-CN,auto
现在的模板丑出天际,稻壳商城,找不到想要的模板,,,docer_shop_22,Win32,,,,,,,,zh-CN,auto
我的微信收到续费消息，充值后发现不是我的账号，怎么办,PC端个人中心,,,,wpsoffice,Win32,,,,,,,,zh-CN,auto
文档上传慢，自动保存的时候，excel中表格输入的时候，表格内的输入内容老是跳动，一闪一闪的,WPS2019,,,,encode,Win32,,,,,,,,zh-CN,auto
有ai体验卡但是无法正常使用,WPS2019,,,,encode,Win32,,,,,,,,zh-CN,manual
批量导出怎么导出失败啊,金山文档PC图片批量导出,,,,金山文档PC图片批量导出,Win32,,,,,,,,zh-CN,manual
test:/feedback/api/v1/submit,test_app,,,,test_name,,,,,,,,,,
test:/feedback/api/v2/submit,TEST_APP,,,,test_name,test_version,,,,,,,,,
点击打印就出现附件界面,WPS故障检测,,,,kdiagnostictools_ksomisc,Win32,,,,,,,,zh-CN,manual
“翻译”点击后在右侧不显示。64位版。,WPS演示,,,,wpsoffice,Win32,,,,,,,,zh-CN,manual
恶魔垃圾,2019卸载反馈,,,,KUninstallUI2,,,,,,,,,,
AI消除水印图片保存失败怎么办,WPS图片编辑器,,,ks3_userfile/1766102345495/7331538147006504.jpg,photo_outside,Win32,,,,,,,,zh-CN,manual
广告太多,WPS云盘客户端,,,,application,Win32,,,,,,,,zh-CN,auto
图片编辑怎么返回旧版本？我要用矩形选框，为什么不能调整颜色、线宽、虚线，这些都取消掉干什么？？,WPS图片编辑器,,,ks3_userfile/1766101849794/4969059856467212.png,photo_outside,Win32,,,,,,,,zh-CN,auto
关闭WPS之后保存的文件消失了，电脑里叶找不到,WPS云盘（同步助手）,,,,同步助手,Win32,,,,,,,,zh-CN,auto
无times new Roma字体,云字体,,,,wps,Linux aarch64,,,,,,,,zh-CN,manual
扣图、扣背景、为什么都不能使用了呢？,PC端个人中心,,,,wpsoffice,Win32,,,,,,,,zh-CN,manual
test:/feedback/api/v1/submit,test_app,,,,test_name,,,,,,,,,,
test:/feedback/api/v2/submit,TEST_APP,,,,test_name,test_version,,,,,,,,,
预览窗口关闭后无法启用,WPS2019,,,,KUninstall,,,,,,,,,,
分割PDF文件，进行到96%时卡住了,WPS故障检测,,,,kdiagnostictools_ksomisc,Win32,,,,,,,,zh-CN,manual
[nps_web_ap_read];[10];[功能全面];[],净推荐值,,,,,windows_wpsdrive,,,,,,,,,
test:/feedback/api/v1/submit,test_app,,,,test_name,,,,,,,,,,
test:/feedback/api/v2/submit,TEST_APP,,,,test_name,test_version,,,,,,,,,
[nps_web_ap_read];[10];[界面清晰/功能好找];[],净推荐值,,,,,windows_wpsdrive,,,,,,,,,
今天是第2次翻译pdf大概45页时候（共90页）突然所有文件消失了，和第一次一样,WPS2019,,,,encode,Win32,,,,,,,,zh-CN,auto
test:/feedback/api/v1/submit,test_app,,,,test_name,,,,,,,,,,
test:/feedback/api/v2/submit,TEST_APP,,,,test_name,test_version,,,,,,,,,
test:/feedback/api/v1/submit,test_app,,,,test_name,,,,,,,,,,
test:/feedback/api/v2/submit,TEST_APP,,,,test_name,test_version,,,,,,,,,
图片保存时经常改变了图片里文字的字体,WPS图片编辑器,,,ks3_userfile/1766094227619/1031305352627411.jpg,photo_outside,Win32,,,,,,,,zh-CN,manual
为什么图片剪切时压缩不能融合直接用图片压缩功能？而且剪切后的图片覆盖经常直接另存为一个不同格式文件。,WPS图片,点击功能无反应,,ks3_userfile/1766093864083/2537648722124788.jpg,photobatchcompress,Win32,,,,,,,,zh-CN,manual
test:/feedback/api/v1/submit,test_app,,,,test_name,,,,,,,,,,
test:/feedback/api/v2/submit,TEST_APP,,,,test_name,test_version,,,,,,,,,
[nps_web_ap_read];[8];[其他];[自动上传文件，但是免费空间又太小。有时候仅仅为了空间单独买会员不划算],净推荐值,,,,,windows_browser,,,,,,,,,
test:/feedback/api/v1/submit,test_app,,,,test_name,,,,,,,,,,
test:/feedback/api/v2/submit,TEST_APP,,,,test_name,test_version,,,,,,,,,
加上搜索框,文字套模板,,,,WPS,Win32,,,,,,,,,
能不能不要自动升级版本，升级后根本就不能用。希望能给我们会员自己选择,WPS图片编辑器,,,ks3_userfile/1766090401055/3743795200083693.jpg,photo_outside,Win32,,,,,,,,zh-CN,manual
操作过程中突然关闭，打不开,WPS故障检测,,,,kdiagnostictools_ksomisc,Win32,,,,,,,,zh-CN,manual
test:/feedback/api/v1/submit,test_app,,,,test_name,,,,,,,,,,
test:/feedback/api/v2/submit,TEST_APP,,,,test_name,test_version,,,,,,,,,
你们的废物东西，搜索框打不开，搜索不准确，要不是已经用了几年了wps打开各类文档，需要继续用wps管理文档，维护记忆，怎么会还继续用这么垃圾的东西！！！！！！！！！！！！！！！！    我祝愿你们全体身体健康、日子和和美美、开心到老！！！！！！！！！！！！！！！！！！！！！！！！！    功能不正常，报错了，让用户报告错误  还要填这么多资料，你们产品经理的脑子是被猪干过了吗,WPS搜索,搜索结果等待时间很长,,,search,Win32,,,,,,,,zh-CN,auto
test:/feedback/api/v1/submit,test_app,,,,test_name,,,,,,,,,,
test:/feedback/api/v2/submit,TEST_APP,,,,test_name,test_version,,,,,,,,,
[nps_web_ap_read];[10];[功能全面];[],净推荐值,,,,,windows_wpsdrive,,,,,,,,,
test:/feedback/api/v1/submit,test_app,,,,test_name,,,,,,,,,,
test:/feedback/api/v2/submit,TEST_APP,,,,test_name,test_version,,,,,,,,,
建议导出功能更加完善，现在导出PDF和图片格式都没法还原最佳效果，希望可以优化,思维导图,产品咨询/建议,,,mind,Win32,,,,,,,,zh-CN,auto
思维导图编辑打开后与原文档不一致,文档修复V2,其他问题,,,docrepairv2,Win32,,,,,,,,zh-CN,manual
无法生成AI 演讲视频，请生成AI 演讲视频文件,AI 演讲视频,,,,AI 演讲视频,Win32,,,,,,,,zh-CN,auto
无法生成AI演讲视频,AI 演讲视频,,,,AI 演讲视频,Win32,,,,,,,,zh-CN,auto
为什么我裁剪图片的时候，像素变成比例了？,WPS图片编辑器,,,ks3_userfile/1766084779547/8938860907568010.png,photo_outside,Win32,,,,,,,,zh-CN,auto
登录不了,发送错误报告,,,,prometheus,Win32,,,,,,,,zh-CN,manual
test:/feedback/api/v1/submit,test_app,,,,test_name,,,,,,,,,,
test:/feedback/api/v2/submit,TEST_APP,,,,test_name,test_version,,,,,,,,,
test:/feedback/api/v1/submit,test_app,,,,test_name,,,,,,,,,,
test:/feedback/api/v2/submit,TEST_APP,,,,test_name,test_version,,,,,,,,,
WPSP图好了  为什么  保存不了,WPS图片编辑器,,,ks3_userfile/1766082082381/5027924584847780.png,photo_inside,Win32,,,,,,,,zh-CN,auto
拜托你们公司能不能别随意更新版本，越更新越不方便,WPS2019,,,,encode,Win32,,,,,,,,zh-CN,auto
无法编辑树柱状图和词云的数据,图表美化,,,,wpp,Win32,,,,,,,,zh-CN,auto
文件压缩的太慢了,PDF压缩,压缩时进度条不动/压缩耗时长,,,batchcompress,Win32,,,,,,,,zh-CN,manual
为什么。我两次交了款，AI朗读都只能用一会就不能用了？,AI朗读,,,,wps,Win32,,,,,,,,zh-CN,manual
一直载入失败根本没法写，刚要编辑就载入失败退出去了,WPS2019,,,,wps,Win32,,,,,,,,zh-CN,manual
test:/feedback/api/v1/submit,test_app,,,,test_name,,,,,,,,,,
test:/feedback/api/v2/submit,TEST_APP,,,,test_name,test_version,,,,,,,,,
为啥我点击保存的内容退出后再进来就没有了，后面重新弄完点保存还是没有，又尝试只编辑几个字保存，退出去再进来还是没有，白干四五个小时！！！我真的是服了啊，啥情况啊？？?,WPS PDF,,,,wpspdf,Win32,,,,,,,,zh-CN,manual
djmfv,WPS2019,,,,KUninstall,,,,,,,,,,
开机或者打游戏突然弹出买会员的广告，极其影响体验,WPS OFFICE,,,,home,Win32,,,,,,,,zh-CN,manual
校对失败，显示“网络异常，页面加载失败”,校对,,,,kproofread,Win32,,,,,,,,zh-CN,manual
窗口太大了，不能调小,图片批量处理,功能效果不满意,,,photonewbatchapp,Win32,,,,,,,,zh-CN,auto
test:/feedback/api/v1/submit,test_app,,,,test_name,,,,,,,,,,
test:/feedback/api/v2/submit,TEST_APP,,,,test_name,test_version,,,,,,,,,
转换效果反馈：其他问题；其他问题；补充描述：1,PDF转换,,,,kpdf2wordv2,Win32,,,,,,,,,
虚假容量占用，我要去工信部投诉你们,WPS云盘（同步助手）,其他问题,,,同步助手,Win32,,,,,,,,zh-CN,auto
无法正常使用,WPS2019,,,,KUninstall,,,,,,,,,,
新版本的图片编辑太难用,2019卸载反馈,,,,KUninstallUI2,,,,,,,,,,
使用高校论文排版一直显示服务异常，请稍后重试,WPS AI,功能无法使用,,,wps,Win32,,,,,,,,zh-CN,manual
脑残吧？？什么煞笔设计师？？好好的产品今年改的什么一坨啊？？ 就简单的看图编辑软件，我要你妈比天天改来改去，按键位置隔两天就变一下，功能做的一坨屎，看图软件就好好做看图软件，专业谁不用PS？ 煞笔设计，赶紧滚吧，做的什么垃圾，我开会员不是要用你这煞笔玩意，是因为天天给老跳弹窗，结果开了会员还要跳弹窗。 煞笔设计，真TM脑残，什么吊臂程序，做过需求调研吗？瞎设计、瞎改，现在用都用不了,WPS图片,点击功能无反应,,,photo_outside,Win32,,,,,,,,zh-CN,auto
怎样给合同内容放大打印,打印预览和打印,,,,wps,Win32,,,,,,,,zh-CN,manual
test:/feedback/api/v1/submit,test_app,,,,test_name,,,,,,,,,,
test:/feedback/api/v2/submit,TEST_APP,,,,test_name,test_version,,,,,,,,,
搜索、个人中心等网络功能经常性无法使用。太讨厌了。关键时候不好用，经常，多个电脑都遇到过。或者打开文件失败,WPS2019,,,,KUninstall,,,,,,,,,,
wpsai操作表格时没办法将复制内容粘贴到对话框中,WPS AI,功能无法使用,,,et,Win32,,,,,,,,zh-CN,auto
为什么突然粘贴不了了,WPS OFFICE,,,,home,Win32,,,,,,,,zh-CN,auto
AI怎么关掉，贼不好用,WPS AI,其他问题或建议,,,wps,Win32,,,,,,,,zh-CN,manual
无法启动，无法修复,WPS故障检测,,,,kdiagnostictools_KUninstallUi,Win32,,,,,,,,zh-CN,auto
打印出来没有字,打印预览和打印,,,,et,Win32,,,,,,,,zh-CN,auto
我明明好不容易改好了表格，结果我点保存说什么是只读，好我另存，有弹出一个有最新什么更新 的内容，我以为是我刚刚改好的，结果更新完没有了，我服了，什么蠢货软件，要死啊，之前就有这样的，我去历史记录里看，也没有了，刚刚是鬼在做是吗、想杀人。什么垃圾，狗屎，蠢笨如猪的东西，我要哭了，陪我，啊啊啊啊去死啊滚啊，完成擦擦擦擦擦擦擦擦擦擦擦擦擦擦，就是备份中心有没有，是不是你们卡bug，啊啊啊啊啊气死我了,PC端个人中心,,,,wpsoffice,Win32,,,,,,,,zh-CN,auto
设置去哪了,WPS OFFICE,,,,home,Win32,,,,,,,,zh-CN,manual
文档保存失败,WPS故障检测,,,,kdiagnostictools_ksomisc,Win32,,,,,,,,zh-CN,auto
test:/feedback/api/v1/submit,test_app,,,,test_name,,,,,,,,,,
test:/feedback/api/v2/submit,TEST_APP,,,,test_name,test_version,,,,,,,,,
"[nps_web_pdf_read];[10];[功能全面,界面清晰/功能好找,内容清晰无误,AI操作便捷、效果好,性能稳定无卡顿,功能操作简单,会员费用合理,产品口碑好、服务好];[]",净推荐值,,,,,windows_browser,,,,,,,,,
不要主动弹出广告！！！,WPS云盘（同步助手）,其他问题,,,同步助手,Win32,,,,,,,,zh-CN,auto
无法按要求生产,AI 条件格式,,,,et,Win32,,,,,,,,zh-CN,auto
表格启动已过期或被篡改导致程序启动失败，无法打开文件,WPS2019,,,,et,Win32,,,,,,,,zh-CN,manual
不登录就不能编辑，你们是想钱想疯了,2019卸载反馈,,,,KUninstallUI2,,,,,,,,,,
应用失败！！！！,插入智能图形,,,,wpp,Win32,,,,,,,,zh-CN,auto
转换完成，关闭不了,输出为PDF,转换崩溃/卡顿,,,ET,Win32,,,,,,,,zh-CN,manual
[nps_web_ap_read];[0];[会员费用不合理];[],净推荐值,,,,,windows_wpsdrive,,,,,,,,,
文件打开编辑不了，里面的内容也不显示，怎么办？？？？？着急的很！！！！,WPS OFFICE,,,,home,Win32,,,,,,,,zh-CN,auto
智能图形思维导图 一直插入失败是什么情况,WPS2019,,,,encode,Win32,,,,,,,,zh-CN,auto
下载的试卷没有图片,应用中心,其他，请在反馈内容描述您的问题,,,home,Win32,,,,,,,,zh-CN,auto
test:/feedback/api/v1/submit,test_app,,,,test_name,,,,,,,,,,
test:/feedback/api/v2/submit,TEST_APP,,,,test_name,test_version,,,,,,,,,
have the auto default issue. i do not need wps everywhere but everytime it forcefully take the auto default ,2019卸载反馈,,,,KUninstallUI2,,,,,,,,,,
我要英文版的脑图,AI文档脑图,,,,WPS,Win32,,,,,,,,zh-CN,manual
为什么没有预测功能，还有方案管理器这个选项功能，已经开了会员还是没有,WPS OFFICE,,,,home,Win32,,,,,,,,zh-CN,auto
将表格转成在线文档上传不了视频文件,WPS云文档,,,,s,Win32,,,,,,,,zh-CN,manual
"[nps_web_ap_read];[8];[性能稳定性,操作难易程度];[]",净推荐值,,,,,windows_wpsdrive,,,,,,,,,
zotero不能使用,2019卸载反馈,,,,KUninstallUI2,,,,,,,,,,
同一个有文字加粗的PPT文件，用Mac系统的WPS文字加粗没有显示，只有Windows系统显示是正常加粗的。这是个非常严重的兼容性问题。 Source Han Sans CN Normal  字体,WPS2019,,,,encode,Win32,,,,,,,,zh-CN,manual
打不开word文档,WPS故障检测,,,,kdiagnostictools_ksomisc,Win32,,,,,,,,zh-CN,manual
这是什么原因？,打印预览和打印,,,,et,Win32,,,,,,,,zh-CN,manual
翻译效果不满意：翻译效果不满意；其他问题；补充描述：,全文翻译,,,,kdoctranslate,Win32,,,,,,,,,
我都已经是WPS超级会员了，怎么还是下载不下来PPT模板？？？,意见反馈,,,,pc_home_jinxiaomeng,Win32,,,,,,,,zh-CN,auto
#NAME?,WPS表格,,,,home,Win32,,,,,,,,zh-CN,manual
表格边框粗细的设置在哪里？,WPS智能工具箱,,,,ET,Win32,,,,,,,,,
"输公式后单元格显示为0,怎么回事",WPS OFFICE,,,,home,Win32,,,,,,,,zh-CN,auto
第二题第二步按解析作答仍不得分,WPS教学平台-题目练习,,,,,12.1.0.24034,,,,,,,,,
我有一份PDF文件，文件内有一些旧的内容，是两个月前做的。 今天，在WiFi状态下，我对该PDF文件做了新的内容，但是没有保存（因为我相信它会自动保存）； 晚上，在离线状态下，又在该PDF文件中做了新的内容； 刚刚，我的电脑连接了手机热点，这个时候，PDF文件弹窗询问我，是否要更新该文件，我点击了同意更新。 结果，更新后的PDF文件中，我今天做的所有内容都没有了，文件回到了两个月前的版本。 幸好，我在备份中心找到了最近版本的PDF文件，我今天做的内容都还在。 我没有损失，但还是希望你们能够解决这个bug，感谢！,WPS PDF,,,,home,Win32,,,,,,,,zh-CN,auto
SB,WPS PDF独立版,,,,KUninstall,,,,,,,,,,
全文翻译排版混乱，但消耗掉了页数无法恢复。,AI文档排版,,,,kdoctranslatepane,Win32,,,,,,,,zh-CN,auto
"[nps_web_ap_read];[10];[功能全面,性能稳定无卡顿,界面清晰/功能好找,AI操作便捷、效果好,产品口碑好、服务好,功能操作简单,会员费用合理];[]",净推荐值,,,,,windows_wpsdrive,,,,,,,,,
网络正常但云文档无法打开，无法上传，,PC端个人中心,,,,wpsoffice,Win32,,,,,,,,zh-CN,auto
保存后显示进程不足，保存登录官网后文件消失,WPS OFFICE,,,,home,Win32,,,,,,,,zh-CN,auto
test:/feedback/api/v1/submit,test_app,,,,test_name,,,,,,,,,,
test:/feedback/api/v2/submit,TEST_APP,,,,test_name,test_version,,,,,,,,,
多维表格打印17行数据，一直卡住，等待一段时间后提示生成失败,WPS云文档,,,,pc_preview,Win32,,,,,,,,zh-CN,manual
干啥都付费，垃圾软件,2019卸载反馈,,,,KUninstallUI2,,,,,,,,,,
"[nps_web_ap_read];[10];[功能全面,AI操作便捷、效果好];[]",净推荐值,,,,,windows_wpsdrive,,,,,,,,,
"[nps_web_ap_read];[10];[功能全面,界面清晰/功能好找];[]",净推荐值,,,,,windows_wpsdrive,,,,,,,,,
该功能没有正确的识别出所有图片,批量导出/删除图片,,,,ET,Win32,,,,,,,,zh-CN,manual
老是关不掉,使用异常,,,,CLOSE_ET,Win32,,,,,,,,,
WPS PDF功能不完善： 1. 批量删除每页同样的图片或内容； 2. 无法自定义编辑PDF中图片的尺寸大小，自己设置长款的尺寸（比如印章无法直接指定尺寸为4.2cm）,PC端个人中心,,,,wpsoffice,Win32,,,,,,,,zh-CN,manual
如何关闭WPS AI,WPS搜索,其他问题,,,search,Win32,,,,,,,,zh-CN,auto
打不开文档，没保存成功,文档打开,,,,kdiagnostictools_fileopen_neterror,Win32,,,,,,,,zh-CN,manual
按照题目解析作答只有一个步骤分,WPS教学平台-题目练习,,,,,12.1.0.23125,,,,,,,,,
点不开,WPS AI,功能无法使用,,,wps,Win32,,,,,,,,zh-CN,auto
EXCEL表格打开，里面图图片无法显示。附件截图蓝色框内为EXCEL表格里面的图片。,PC端个人中心,,,,wpsoffice,Win32,,,,,,,,zh-CN,auto
我是文件夹拥有者，我取消共享显示我权限不足，这是什么问题,WPS共享文件夹,共享权限控制问题,,,取消共享,Win32,,,,,,,,zh-CN,manual
怎么修改同步文件的文件名,WPS OFFICE,,,,home,Win32,,,,,,,,zh-CN,manual
删不了，被占用,WPS云盘（同步助手）,其他问题,,,同步助手,Win32,,,,,,,,zh-CN,manual
强烈建议，输出为PDF这个小窗口，建议恢复成以前那样，支持用ESC退出。这样左手键盘右手鼠标很有效率。,输出为PDF,其他，请在反馈内容描述您的问题,,,WPS,Win32,,,,,,,,zh-CN,auto
排版混乱，字体不一致,全文翻译,翻译效果不满意,翻译排版问题,,kdoctranslatepane,Win32,,,,,,,,zh-CN,auto
我插入了一个小时的签名，最后点嵌入文档，给我说出错了，文件损坏了，所有插入的签名都没了,WPS2019,,,,encode,Win32,,,,,,,,zh-CN,manual
为什么之前会员可以PDF转换成图片型输出，今天就不行了？什么意思？逼我退款吗？,WPS2019,,,,encode,Win32,,,,,,,,zh-CN,manual
最近excel总是计算未完成，每次计算也会卡顿，显示计算中好一阵子才行。以前不会，数据以及表格都差不多。,PC端个人中心,,,,wpsoffice,Win32,,,,,,,,zh-CN,auto
为什么转智能图形要改动我的文本啊，能不能出个选项，优化或者不优化。还有模版的颜色，现在只要母版定了， 所有颜色自动变，非常不方便,转智能图形,,,,wpp,Win32,,,,,,,,zh-CN,auto
"[nps_web_ap_read];[9];[性能稳定无卡顿,功能全面,界面清晰/功能好找];[]",净推荐值,,,,,linux_browser,,,,,,,,,
新更新的版本不稳定 自动崩溃,WPS OFFICE,,,,home,Win32,,,,,,,,zh-CN,auto
更新以后十分复杂且难用,WPS图片编辑器,,,ks3_userfile/1766070300379/4198334231011159.png,photo_inside,Win32,,,,,,,,zh-CN,manual
怎模智能缩放,打印预览和打印,,,,et,Win32,,,,,,,,zh-CN,auto
test:/feedback/api/v1/submit,test_app,,,,test_name,,,,,,,,,,
test:/feedback/api/v2/submit,TEST_APP,,,,test_name,test_version,,,,,,,,,
云文档内容无法完整显示,WPS OFFICE,,,,home,Win32,,,,,,,,zh-CN,manual
为什么金山文档分享会被停止，反馈之后也没有什么回复,WPS2019,,,,encode,Win32,,,,,,,,zh-CN,auto
"[nps_web_pdf_read];[10];[功能全面,界面清晰/功能好找];[]",净推荐值,,,,,windows_browser,,,,,,,,,
云服务器用不了，还开了年会员,WPS搜索,云文件通过文件名搜不到,,,search,Win32,,,,,,,,zh-CN,auto
"[nps_web_ap_read];[9];[性能稳定无卡顿,功能操作简单];[]",净推荐值,,,,,windows_browser,,,,,,,,,
我有两个WPS账户，为什么总是自动登我没付钱的账号,WPS OFFICE,,,,home,Win32,,,,,,,,zh-CN,unknown
"软件卡死机,一点性能都没有",WPS2019,,,,wps,Win32,,,,,,,,zh-CN,manual
为什么我们打印卷子就不能用呢为什么要让我们买会员,图片打印,,,ks3_userfile/1766069654971/2006972859539309.jpg,photoprintapp,Win32,,,,,,,,zh-CN,manual
为什么要让我们买会员我们只是打印卷子,图片打印,,,ks3_userfile/1766069607930/5012866853807025.jpg,photoprintapp,Win32,,,,,,,,zh-CN,manual
无法正常启动,WPS2019,,,,pdf,Win32,,,,,,,,zh-CN,manual
在线编辑登录不进去,WPS OFFICE,,,,home,Win32,,,,,,,,zh-CN,manual
无法导出,AI文档脑图,,,,WPS,Win32,,,,,,,,zh-CN,manual
无法导出pdf，显示网络异常,WPS OFFICE,,,,home,Win32,,,,,,,,zh-CN,manual
批量全部点击无反应,图片批量处理,点击功能无反应,,,PdfPreviewpane,Win32,,,,,,,,zh-CN,manual
为什么文档会损坏？损坏了并且修复不了，显示有备份，也修复不了为什么？,WPS OFFICE,,,,home,Win32,,,,,,,,zh-CN,manual
为什么买了大会员订阅的超级会员不退重叠的款？好歹也是个知名软件，就想方设法坑钱，我一个月生活费就800，买会员做ppt被坑一小半，真的很离谱。,PC端个人中心,,,,wpsoffice,Win32,,,,,,,,zh-CN,auto
在电脑上打开文件时会出现打开失败的字眼，已经好几次了,WPS故障检测,,,,kdiagnostictools_feedback_page,Win32,,,,,,,,zh-CN,auto
界面变得很大，上方任务栏打开的文件点X关闭没反应，界面框对不上，字体模糊，自检修复也没用，,2019卸载反馈,,,,KUninstallUI2,,,,,,,,,,
等下孤独和实力了,拼音指南,,,,WPS,Win32,,,,,,,,zh-CN,manual
好多文件修复不了,文档修复,不好用，我要吐槽,,,同步助手,Win32,,,,,,,,zh-CN,auto
1不能离线使用,WPS故障检测,,,,kdiagnostictools_feedback,Win32,,,,,,,,zh-CN,unknown
电脑有事打不开,发送错误报告,,,,prometheus,Win32,,,,,,,,zh-CN,manual
字体显示不对！这一台电脑是错误的，另外一台电脑显示就是正确的,WPS表单,其他，请在反馈内容描述您的问题,,,,Win32,,,,,,,,zh-CN,manual
图片编辑打开不了,PC端个人中心,,,,wpsoffice,Win32,,,,,,,,zh-CN,manual
完全关闭云服务！！！我不要了！！！我不用了！！！不要再给我广告了！！！！！！！！！！！！！！！！！！！！！！！！！！！！！！！！！！！！！！！！！！！！！！！！！！！！！！！！！！！！！！！！！！！！！！！！！！！！！！！！！！！！！！！！！！！！,WPS OFFICE,,,,home,Win32,,,,,,,,zh-CN,unknown
"[nps_web_ap_read];[10];[功能全面,界面清晰/功能好找,AI操作便捷、效果好,产品口碑好、服务好];[]",净推荐值,,,,,windows_wpsdrive,,,,,,,,,
wps一直崩溃，然后重新启动,WPS故障检测,,,,kdiagnostictools_ksomisc,Win32,,,,,,,,zh-CN,auto
做个文件，来回错误,WPS2019,,,,wps,Win32,,,,,,,,zh-CN,manual
[nps_web_ap_read];[8];[AI效果与使用体验];[],净推荐值,,,,,windows_wpsdrive,,,,,,,,,
test:/feedback/api/v1/submit,test_app,,,,test_name,,,,,,,,,,
test:/feedback/api/v2/submit,TEST_APP,,,,test_name,test_version,,,,,,,,,
使用高级打印（非系统打印界面），打印出来的照片长边总是被压缩，照片有明显的比例失真。 我用的是HP DeskJet 2720，普通相片纸。,WPS图片,图片打印问题,,,photo_outside,Win32,,,,,,,,zh-CN,auto
等待了一个小时导不出来,图片转PDF,,,ks3_userfile/1766068541481/1651730643366836.png,photo2pdf,Win32,,,,,,,,zh-CN,manual
工作不流畅,视频转换压缩,,,,videoconvertcompress,Win32,,,,,,,,zh-CN,manual
"[nps_web_ap_read];[10];[功能操作简单,AI操作便捷、效果好,界面清晰/功能好找];[]",净推荐值,,,,,windows_wpsdrive,,,,,,,,,
之前的积分全部清空了？积分兑换一天会员的活动呢? 积分的补偿呢？？,PC端个人中心,,,,wpsoffice,Win32,,,,,,,,zh-CN,auto
"[nps_web_ap_read];[8];[功能覆盖面,界面功能设计,操作难易程度];[]",净推荐值,,,,,windows_wpsdrive,,,,,,,,,
带文字的计算式求和,便捷公式,,,,kformulaassistant,Win32,,,,,,,,zh-CN,manual
WPS云盘文件打不开，网络诊断结果如图所示,文档打开,,,,kdiagnostictools_fileopen_neterror,Win32,,,,,,,,zh-CN,manual
找不到灵犀。请告诉我如何接入灵犀,WPS2019,,,,encode,Win32,,,,,,,,zh-CN,manual
"[nps_web_ap_read];[10];[功能全面,界面清晰/功能好找,产品口碑好、服务好,性能稳定无卡顿,功能操作简单];[]",净推荐值,,,,,windows_wpsdrive,,,,,,,,,
划线取值范围太大 本来要花其他标记却成了选中已有标记,WPS图片编辑器,,,ks3_userfile/1766068053933/4383003961095885.jpg,photo_outside,Win32,,,,,,,,zh-CN,manual
"两个字垃圾,给你们机会都做不出好产品。",2019卸载反馈,,,,KUninstallUI2,,,,,,,,,,
字体回不来了,2019卸载反馈,,,,KUninstallUI2,,,,,,,,,,
我生成了一个PPT转演讲的视频，但是里面有句话5-15天，生成是视频说是5减15天，整个视频就没有作用了，费用也扣了，求助,AI 演讲视频,,,,AI 演讲视频,Win32,,,,,,,,zh-CN,auto
ai老是无法分析到最后一步，总停止在思考1秒,WPS AI,,,,et,Win32,,,,,,,,zh-CN,manual
wps备份时常出现备份后丢失且无法打开情况存在,WPS故障检测,,,,kdiagnostictools_ksomisc,Win32,,,,,,,,zh-CN,auto
我在做实验的时候，excel表突然卡住了，然后第一次我拍了数据，所以没事。第二次，它突然同一个excel表有三个，我没注意，等我数据全做完后，点保存之后就叉掉了，结果只有第一次保存记录的数据，后面全都没了，怎么找都找不到，开会员也能没有用。这些数据对我来说很重要，我的实验数据，该怎么办，求求,WPS OFFICE,,,,home,Win32,,,,,,,,zh-CN,auto
还有3年才到期的wps超级会员，刚才又误操作买了93天的超级会员，申请7天无理由退款,PC端个人中心,,,,wpsoffice,Win32,,,,,,,,zh-CN,auto
您好，我是同济大学的研究生，在学校官网上下载了WPS，按理来说应该可以登陆学校帐号领取会员，但是我没有找到这个入口,PC端个人中心,,,,wpsoffice,Win32,,,,,,,,zh-CN,manual
不登录账号，都不能编辑（录入文字和打字）吃相真难看，，要逼脸吗！！！,2019卸载反馈,,,,KUninstallUI2,,,,,,,,,,
你好wps云同步占用CPU过高怎么办,WPS云盘（同步助手）,其他问题,,,同步助手,Win32,,,,,,,,zh-CN,manual
如何将设置好的本地dotx模板文件，套用到现成文本自动排版，目前上传的模板文件没法儿正常智能排版，,AI文档排版,,,,模板排版,Win32,,,,,,,,zh-CN,manual
我要图片中飞翔的朱鹮，擦除其余背景,AI 生成图片,,,,wps,Win32,,,,,,,,zh-CN,auto
不登录会员竟然都不让编辑，数字打字都不好使。。要脸么 吃相真难看！！！,2019卸载反馈,,,,KUninstallUI2,,,,,,,,,,
还有3年到期的wps超级会员，误操作又购买了93天的超级会员，请问怎么退掉,PC端个人中心,,,,wpsoffice,Win32,,,,,,,,zh-CN,auto
我希望在给幻灯片加切换动画的时候，可以加一个应用到局部，就是选择那几个页面添加同一个切换动画，不用一个一个添加。 感谢感谢。,WPS OFFICE,,,,home,Win32,,,,,,,,zh-CN,manual
我的wps突然卡住闪退，开启了实时同步但是最新版本仍然丢失在历史记录里搜查不到!!!!!!!!!!!,PC端个人中心,,,,wpsoffice,Win32,,,,,,,,zh-CN,auto
点击zotero，老是连接闪退，文件还自动保存,发送错误报告,,,,wps,Win32,,,,,,,,zh-CN,manual
输入条件后，直接卡死,WPS灵犀,,,,lingxi_local_et,Win32,,,,,,,,zh-CN,auto
掉线，无法查证,图库,,,,wpp,Win32,,,,,,,,zh-CN,auto
合并文档怎么合并不了呢？,PC端个人中心,,,,wpsoffice,Win32,,,,,,,,zh-CN,manual
怎么关闭最近打开记录？,WPS OFFICE,,,,home,Win32,,,,,,,,zh-CN,manual
我没有安装其他安全软件,WPS故障检测,,,,kdiagnostictools_KUninstallUi,Win32,,,,,,,,zh-CN,manual
模板的边距不正确请修复，增加删除多行空格功能,AI文档排版,,,,模板排版,Win32,,,,,,,,zh-CN,manual
买了会员之后有一些功能不能用了，没开会员之前还可以用,WPS2019,,,,encode,Win32,,,,,,,,zh-CN,auto
无法生成文件,风格克隆,,,,WPSOFFICE,Win32,,,,,,,,zh-CN,auto
WPS查找与替换中的AI查找全部不见了,WPS OFFICE,,,,home,Win32,,,,,,,,zh-CN,manual
test:/feedback/api/v1/submit,test_app,,,,test_name,,,,,,,,,,
test:/feedback/api/v2/submit,TEST_APP,,,,test_name,test_version,,,,,,,,,
"[nps_web_ap_read];[6];[会员费用不合理,功能缺失,产品口碑一般、服务差,性能不稳定易卡顿];[]",净推荐值,,,,,windows_browser,,,,,,,,,
无法打开,WPS2019,,,,wpp,Win32,,,,,,,,zh-CN,manual
"[nps_web_ap_read];[10];[功能全面,界面清晰/功能好找,AI操作便捷、效果好];[]",净推荐值,,,,,windows_wpsdrive,,,,,,,,,
怎么切换下页面就跑到其它选型里面去了 太难用了,WPS OFFICE,,,,home,Win32,,,,,,,,zh-CN,manual
没有找到日语的注音？,拼音指南,,,,WPS,Win32,,,,,,,,zh-CN,manual
打不开文献,WPS2019,,,,wps,Win32,,,,,,,,zh-CN,manual
有假名注音可选择吗？,拼音指南,,,,WPP,Win32,,,,,,,,,
完全按照实验步骤进行的，到最后一步却不行了,WPS教学平台-题目练习,,,,,12.1.0.24031,,,,,,,,,
台垃圾,文档比对,文档比对慢/一直加载中,,,AK20220415DGHHFM,Win32,,,,,,,,zh-CN,auto
怎么选择之前已导出的模板,文字套模板,,,,WPS,Win32,,,,,,,,,
搜索框空白无法输入,WPS2019,,,,encode,Win32,,,,,,,,zh-CN,auto
剪切板档住了屏的半边，怎么用啊,剪贴板,,,,MULTICLIPBOARD,Win32,,,,,,,,,
你们吃相太难看了，什么查找文字还要VIP！！你们配？,PC端个人中心,,,,wpsoffice,Win32,,,,,,,,zh-CN,auto
AI非常蠢，不如网页上deepseek等,WPS AI,生成结果不满意,,,et,Win32,,,,,,,,zh-CN,manual
按ESC和ALT+F4无法退出,输出为PDF,功能使用出现异常,,,WPP,Win32,,,,,,,,zh-CN,auto
持续格式刷使用失败 双击图标和右键点击“持续格式刷”都只支持刷一次格式,WPS2019,,,,encode,Win32,,,,,,,,zh-CN,auto
电脑关机后文件修改的部分都不见了,WPS OFFICE,,,,home,Win32,,,,,,,,zh-CN,auto
退出公司WPS会员后，公司的文件为什么还会自动在我电脑上下载保存，怎么关闭,WPS OFFICE,,,,home,Win32,,,,,,,,zh-CN,manual
缺少字，没有完整导出,WPS导出为PDF,,,,KINGSOFTVIRTUALPRINTER,Win32,,,,,,,,,
如何找到刚刚删掉的PPT,WPS OFFICE,,,,home,Win32,,,,,,,,zh-CN,auto
"[nps_web_ap_read];[9];[AI操作便捷、效果好,性能稳定无卡顿,功能操作简单];[]",净推荐值,,,,,windows_wpsdrive,,,,,,,,,
为什么文件夹更新不了,WPS OFFICE,,,,home,Win32,,,,,,,,zh-CN,auto
2025.12.18 21点多wps突然闪退导致我的文件内容没保存丢失，提示：备份重现过程中出现了错误，一些备份内容可能已丢失 请恢复我的数据,PC端个人中心,,,,wpsoffice,Win32,,,,,,,,zh-CN,auto
无法连接DNS,WPS故障检测,,,,kdiagnostictools_startpage_about_more,Win32,,,,,,,,zh-CN,auto
不要总提醒我开启，我不想用，投诉你们，什么垃圾软件，真的很恶心人,WPS云盘客户端,,,,application,Win32,,,,,,,,zh-CN,manual
由于界面原因，原先自己制作的流程图在云端保存，现在没有了,流程图,其他问题,,,wpp,Win32,,,,,,,,zh-CN,manual
您好，我开通了半年会员，但我发现还有连续包年的，更加优惠，可以更换套餐吗,PC端个人中心,,,,wpsoffice,Win32,,,,,,,,zh-CN,auto
我上传的文 件，状态，有可联机显示，有些是本设备上显示，在哪里改成一样的,PC端个人中心,,,,wpsoffice,Win32,,,,,,,,zh-CN,auto
校队用不起，说网络有问题。我网络没有问题。,PC端个人中心,,,,wpsoffice,Win32,,,,,,,,zh-CN,auto
同步异常,WPS云盘（同步助手）,文件传输异常,,,kdiagnostictools_syncassistant_syncerror,Win32,,,,,,,,zh-CN,auto
test:/feedback/api/v1/submit,test_app,,,,test_name,,,,,,,,,,
test:/feedback/api/v2/submit,TEST_APP,,,,test_name,test_version,,,,,,,,,
"[nps_web_ap_read];[10];[功能全面,产品口碑好、服务好,界面清晰/功能好找,功能操作简单,性能稳定无卡顿];[]",净推荐值,,,,,windows_browser,,,,,,,,,
无法搜索文件，提示未找到相关文件,WPS搜索,提示错误：搜索功能未能正常加载,,,search,Win32,,,,,,,,zh-CN,manual
AI帮我写能不能关掉啊,WPS 思维导图 AI,,,,mind,Win32,,,,,,,,zh-CN,auto
"[nps_web_ap_read];[9];[功能全面,AI操作便捷、效果好,产品口碑好、服务好,性能稳定无卡顿,功能操作简单];[]",净推荐值,,,,,windows_wpsdrive,,,,,,,,,
新文件无法同步云文档,WPS故障检测,,,,kdiagnostictools_feedback_page,Win32,,,,,,,,zh-CN,auto
识别率太低了，好多字识别错误,识别文本,,,,pdf,Win32,,,,,,,,zh-CN,manual
我在使用超级表格时，该表格其中有一列中有公式，且该公式每一行会有一个不同的系数，该系数需要手动输入，现在的问题是，每次我在新增行的时候，该列的新增行单元格的公式会自动填充，而且填充的系数并不是我想要的。为了我不需要每次去手动删除该自动填充的公式，我想知道有没有办法能做到表格在我每次新增行的时候不要给我自动填充公式？非常感谢！,WPS表格,,,,et,Win32,,,,,,,,zh-CN,manual
[nps_web_ap_read];[10];[功能全面];[],净推荐值,,,,,windows_browser,,,,,,,,,
你好，怎么设置把表名字放下方,WPS OFFICE,,,,home,Win32,,,,,,,,zh-CN,auto
word导出pdf故障,WPS OFFICE,,,,home,Win32,,,,,,,,zh-CN,auto
识别不了，一直显示识别中,识别文本,,,,pdf,Win32,,,,,,,,zh-CN,auto
在W11系统中。无法打印；表格和Word都无法打印；显示Print Spooler；且在疑难解答中，没有找到对应的驱动编码,WPS表单,其他，请在反馈内容描述您的问题,,,,Win32,,,,,,,,zh-CN,manual
无法删除不需要的未安装字体和已下载字体，管理字体的界面显示的字体数量和实际选用时呈现的数量严重不匹配，实际字体可选的列表当中有很多从未使用过的也找不到地方删除，给使用产生了很大的不便，并且“我的字体”页面显示的字体样式不是该字体的样子，统一使用的类似“黑体”的字体标注，不易识别，希望上述问题能给出解决方案。,云字体,,,,wps,Win32,,,,,,,,zh-CN,auto
密码文档忘记密码了，怎么打开？,WPS OFFICE,,,,home,Win32,,,,,,,,zh-CN,auto
无法对PPT修订，不能拖动文件移动,发送错误报告,,,,wpp,Win32,,,,,,,,zh-CN,manual
PDF转  cad    为什么要上网页转换,PC端个人中心,,,,wpsoffice,Win32,,,,,,,,zh-CN,manual
页面显示不出来,思维导图,卡/慢/崩溃/闪退,页面崩溃闪退,,wps,Win32,,,,,,,,zh-CN,auto
为什么不能拖拽文件到桌面,WPS OFFICE,,,,home,Win32,,,,,,,,zh-CN,auto
为什么自动给我预览图片，想删除图片总被WPS预览删除不掉，卸载了，真是流氓软件中的病毒软件。,图片预览窗格,,,,PdfPreviewpane,Win32,,,,,,,,zh-CN,manual
为什么做完了无法提交 一直显示要我保存 都保存了也不准我交 我要破防了 我做了好久这个考试了,金山技能职教平台,,,,footer,Win32,,,,,,,,zh-CN,manual
"[nps_web_pdf_read];[10];[功能全面,界面清晰/功能好找,内容清晰无误,AI操作便捷、效果好,性能稳定无卡顿,功能操作简单,会员费用合理,产品口碑好、服务好];[]",净推荐值,,,,,windows_wpsdrive,,,,,,,,,
"[nps_web_pdf_read];[10];[功能全面,界面清晰/功能好找];[]",净推荐值,,,,,windows_wpsdrive,,,,,,,,,
没法保存,组件内云状态图标,,,,et_coop_syncexception,Win32,,,,,,,,zh-CN,manual
各种垃圾软件忍无可忍,2019卸载反馈,,,,KUninstallUI2,,,,,,,,,,
wps最新版本12.1，针对数据筛选后，将筛选完的数据剪切到另外一个sheet分页中的时候，会连同中间的数据一同剪切过去。 比如我筛选完数据所在行在第2行和第99行，正确的剪切应该是只剪切第2和第99行共2行，但是实际操作中，剪切到sheet2的时候，第3到第98行的数据都剪切过去，只是隐藏了，右键显示隐藏数据都出来了，这就导致后面一个分页数据多了，而前面一个分页数据少了， 请问如何处理？？,WPS表格,,,,,Win32,,,,,,,,zh-CN,manual
为什么点不了空白位置,WPS PDF,,,,wpspdf,Win32,,,,,,,,zh-CN,auto
续费的会员不是按上一年到期日期续吗？,PC端个人中心,,,,wpsoffice,Win32,,,,,,,,zh-CN,manual
查失败了为什么不退钱,论文查改助手,,,,kwpsthesisassistant,Win32,,,,,,,,zh-CN,auto
关了自动重启是吧,预览窗格,,,,etPreviewpane,Win32,,,,,,,,zh-CN,manual
电脑版总是这样，麻烦帮我解决一下，万分感谢,WPS OFFICE,,,,home,Win32,,,,,,,,zh-CN,auto
test:/feedback/api/v1/submit,test_app,,,,test_name,,,,,,,,,,
test:/feedback/api/v2/submit,TEST_APP,,,,test_name,test_version,,,,,,,,,
在pdf中，如果我的目录从目录后的正文才算第一页，我该怎么做， pdf书签生成目录时候，怎么样才能不把目录页计算在内，网上有说wps的书签右键有页码偏移，可是我们这找不到这个功能！,PC端个人中心,,,,wpsoffice,Win32,,,,,,,,zh-CN,manual
流氓软件,2019卸载反馈,,,,KUninstallUI2,,,,,,,,,,
怎么没有A3选项,打印预览和打印,,,,et,Win32,,,,,,,,zh-CN,manual
最后一段落的最后一行不能靠左是为什么,WPS OFFICE,,,,home,Win32,,,,,,,,zh-CN,auto
不知道为什么无法使用格式刷了，非常困扰。,WPS2019,,,,encode,Win32,,,,,,,,zh-CN,auto
[nps_web_ap_read];[6];[会员费用不合理];[],净推荐值,,,,,windows_wpsdrive,,,,,,,,,
刚刚开通了会员，现在不想要，想退款,PC端个人中心,,,,wpsoffice,Win32,,,,,,,,zh-CN,auto
怎么页面不能把语言 改成英语的呢，麻烦帮忙看一下,PC端个人中心,,,,wpsoffice,Win32,,,,,,,,zh-CN,manual
怎么取消截屏文字提取功能？,图片转文字,,,ks3_userfile/1766062766938/4346033997626530.png,kocrtool,Win32,,,,,,,,zh-CN,auto
请取消WPS，老是把我的文档搞砸！,WPS OFFICE,,,,home,Win32,,,,,,,,zh-CN,unknown
[nps_web_ap_read];[10];[功能全面];[],净推荐值,,,,,windows_browser,,,,,,,,,
我的文件分明就关了，你们WPS为啥一直在上传我的文件，导致我一直无法工作。能不能不要整那么多虚头巴脑的流氓后台程序。,WPS云盘客户端,,,,application,Win32,,,,,,,,zh-CN,manual
我的一个MJX part的 文档刚做完就不见了，妈的,PC端个人中心,,,,wpsoffice,Win32,,,,,,,,zh-CN,auto
所有演示文件没有声音，包括文件中的动画声音，播放时都没有。已确认所有视频、音频在其他软件播放无问题，且格式正确,WPS演示,,,,home,Win32,,,,,,,,zh-CN,auto
显示失败 还不退钱,论文查改助手,,,,kpaperaidetect,Win32,,,,,,,,zh-CN,auto
每次都存在旧版本插件残留,WPS故障检测,,,,kdiagnostictools_ksomisc,Win32,,,,,,,,zh-CN,auto
[nps_web_ap_read];[10];[功能全面];[],净推荐值,,,,,windows_wpsdrive,,,,,,,,,
之前编辑完图片另存完第一个后，剩下的点击按上一个储存图片位置就能顺延保存，现在升级完后每次保存都得重新找位置，极大的浪费时间，这个负向升级是谁干的？请问能回退版本吗？,WPS图片,保存失败,,,photo_outside,Win32,,,,,,,,zh-CN,auto
翻译效果不满意：翻译效果不满意；其他问题；补充描述：16\17\21\22\23\24页没有翻译（还是原文） 41、47页表格和内容错位，内容排列混乱,全文翻译,,,,kdoctranslate,Win32,,,,,,,,,
怎么关闭WPSAI,WPS OFFICE,,,,home,Win32,,,,,,,,zh-CN,manual
已经付费 为何不能享受会员功能？,PC端个人中心,,,,wpsoffice,Win32,,,,,,,,zh-CN,manual
鼠标一直在自动移位到固定位置影响使用,WPS表格,,,,backupcenterv3,Win32,,,,,,,,zh-CN,manual
傻福软件 一直说网络有问题 让我重试 我其他软件都好好的就你这个wps不行 吃相真难看,新单页美化,,,,wpp,Win32,,,,,,,,zh-CN,auto
[nps_web_ap_read];[10];[功能全面];[],净推荐值,,,,,windows_wpsdrive,,,,,,,,,
为何不给分,WPS教学平台-题目练习,,,,,12.1.0.23542,,,,,,,,,
明明做对了没分,WPS教学平台-题目练习,,,,,12.1.0.24034,,,,,,,,,
垃圾1,文档修复V2,修复后文档打开乱码/空白,,,docrepairv2,Win32,,,,,,,,zh-CN,manual
根本不操作，一直显示超时请重试,WPS灵犀,,,,lingxi_online_wpp,Win32,,,,,,,,zh-CN,manual
自动检测语言，不能切换翻译的源语言与目标语言,AI 划词功能,,,,wps,Win32,,,,,,,,zh-CN,auto
mathtype问题,2019卸载反馈,,,,KUninstallUI2,,,,,,,,,,
"PDF转WORD,或者WORD 转PDF总是失效",WPS2019,,,,KUninstall,,,,,,,,,,
pdf  转  cad  网络不行,PC端个人中心,,,,wpsoffice,Win32,,,,,,,,zh-CN,manual
[nps_web_ap_read];[1];[功能缺失];[],净推荐值,,,,,windows_wpsdrive,,,,,,,,,
造成整台电脑卡顿，非常吃内存。,2019卸载反馈,,,,KUninstallUI2,,,,,,,,,,
打不开表格,WPS2019,,,,et,Win32,,,,,,,,zh-CN,manual
打不开文件，显示图片如附件,WPS OFFICE,,,,home,Win32,,,,,,,,zh-CN,manual
能不能给插入公式加快捷键，最好是能直接将latex语法的文本一键转化为公式,金山文档 | WPS云文档,,,,pc_home_jinxiaomeng,Win32,,,,,,,,zh-CN,manual
"[nps_web_pdf_read];[10];[功能全面,功能操作简单,界面清晰/功能好找,AI操作便捷、效果好];[]",净推荐值,,,,,windows_wpsdrive,,,,,,,,,
找不到菜单栏中的引用，而且按快捷键也没用,WPS AI,不知道怎么使用,,,w,Win32,,,,,,,,zh-CN,auto
完全修复不了,文档修复V2,修复后文档打不开,,,docrepairv2,Win32,,,,,,,,zh-CN,manual
系统版本：Windows 11 WPS 版本：12.1.0.24031 64位 文档格式：.docx 在 WPS 文字的页眉中，当左侧使用「样式引用域」（如引用章节标题、标题 1 样式的域），右侧通过「右对齐制表符」控制文字位置时，左侧域内容长度变化会导致右侧文字的右对齐位置偏移（无法固定在页面右侧边缘）；但将同一文档用 Microsoft Word 打开时，右侧文字能始终保持正确的右对齐效果，不受左侧域内容长度影响。 作为经常使用 WPS 进行长文档排版的用户，该功能的兼容性直接影响日常工作效率，盼尽快修复，感谢！,WPS文字,,,,wps,Win32,,,,,,,,zh-CN,auto
吃相别这么难看 我会员27年才到期呢 别老弹窗续费广告行吗,PC端个人中心,,,,wpsoffice,Win32,,,,,,,,zh-CN,auto
我的文件上传不了是为啥呀,论文查改助手,,,,kwpsthesisassistant,Win32,,,,,,,,zh-CN,auto
[nps_web_ap_read];[10];[功能全面];[],净推荐值,,,,,windows_wpsdrive,,,,,,,,,
修复后不是原来的数据,文档修复V2,文档修复不全,,,docrepairv2,Win32,,,,,,,,zh-CN,manual
不出公式,2019卸载反馈,,,,KUninstallUI2,,,,,,,,,,
问答没办法下拉,WPS AI,功能无法使用,,,et,Win32,,,,,,,,zh-CN,manual
个人偶尔使用最基本表格编辑功能不想登录付费,2019卸载反馈,,,,KUninstallUI2,,,,,,,,,,
错误，无法启用和下载,WPS轻办公,,,,,Win32,,,,,,,,zh-CN,manual
我已经是大会员了，可是我的WPS AI一直用不了。,PC端个人中心,,,,wpsoffice,Win32,,,,,,,,zh-CN,auto
不小心崩毁,发送错误报告,,,,prometheus,Win32,,,,,,,,zh-CN,manual
[nps_web_ap_read];[9];[功能全面];[],净推荐值,,,,,macos_browser,,,,,,,,,
test:/feedback/api/v1/submit,test_app,,,,test_name,,,,,,,,,,
test:/feedback/api/v2/submit,TEST_APP,,,,test_name,test_version,,,,,,,,,
"[nps_web_ap_read];[0];[功能缺失,界面不清晰/功能难找,AI功能复杂、效果差,产品口碑一般、服务差,会员费用不合理,功能操作难];[]",净推荐值,,,,,windows_wpsdrive,,,,,,,,,
用不了，出不来伴写内容,AI伴写,,,,word,Win32,,,,,,,,zh-CN,auto
图片不能转换为word,WPS OFFICE,,,,home,Win32,,,,,,,,zh-CN,manual
显示不出来泰语,WPS OFFICE,,,,home,Win32,,,,,,,,zh-CN,auto
使用公文校对模式时，建议增加对字体、格式的校对。因为行文格式，在公文流转中也是十分重要。至于校对标准，可以用户进行预设。如一级标题、二级标题、正文分别使用何种字体，每页几行，每行多少字，行间距是多少……,校对,,,,kproofread,Win32,,,,,,,,zh-CN,manual
鼠标点的位置不准,WPS PDF,,,,同步助手,Win32,,,,,,,,zh-CN,manual
查找录入时会卡死,WPS学堂,根据教程操作未解决,,,,Win32,,,,,,,,zh-CN,manual
我原先可以使用试卷组装功能，现在为甚么变成要付费？这不是侵犯用户权益吗？随意调整用户权益？要求恢复权益！,稻壳商城,会员仍提示付费/权益问题,,,docer_shop_22,Win32,,,,,,,,zh-CN,auto
WPS文件，鼠标右键点击，选择word转PDF功能后，没反应。,WPS OFFICE,,,,home,Win32,,,,,,,,zh-CN,manual
有时CTRL+C和 CTRL+V不起作用。,WPS故障检测,,,,kdiagnostictools_ksomisc,Win32,,,,,,,,zh-CN,auto
文档校对功能无法正常使用，提示网络异常,WPS云盘客户端,,,,application,Win32,,,,,,,,zh-CN,auto
新建演示搞就死机，然后原有文件被锁死，需要只读打开,WPS OFFICE,,,,home,Win32,,,,,,,,zh-CN,auto
表单创建的试卷答题提交后，只显示提交界面，而不能查看试卷详情（即 提交后不显示“试卷详情“按钮），请问如何设置呢？,WPS表单,其他，请在反馈内容描述您的问题,,,,Win32,,,,,,,,zh-CN,manual
在插入文件链接后完全死机，无法关闭窗口,关闭异常弹窗,特定文件关闭异常,,,close_prometheus,Win32,,,,,,,,zh-CN,manual
标书封面,文字套模板,,,,WPS,Win32,,,,,,,,,
会泄露文档内容吗？,校对,,,,kproofread,Win32,,,,,,,,zh-CN,manual
只用免费的,2019卸载反馈,,,,KUninstallUI2,,,,,,,,,,
无法保存批准时个人信息，每次都没有,WPS校对,,,,backupcenterv3,Win32,,,,,,,,zh-CN,manual
请问智能表单创建的试卷如何以PDF格式进行输出呢？,WPS表单,其他，请在反馈内容描述您的问题,,,,Win32,,,,,,,,zh-CN,manual
速度太慢,WPS2019,,,,KUninstall,,,,,,,,,,
[nps_web_ap_read];[8];[操作难易程度];[],净推荐值,,,,,windows_wpsdrive,,,,,,,,,
扫描件识别不了，打印不了,识别文本,,,,pdf,Win32,,,,,,,,zh-CN,manual
AI 提取文字 高精度识别老出现服务器繁忙,WPS图片编辑器,,,ks3_userfile/1766060416899/6017994489192560.jpg,photo_outside,Win32,,,,,,,,zh-CN,manual
非常讨厌WPS,WPS云盘客户端,,,,application,Win32,,,,,,,,zh-CN,auto
自动更新,2019卸载反馈,,,,KUninstallUI2,,,,,,,,,,
WPs清理大师无法打开,应用市场,,,,application,Win32,,,,,,,,zh-CN,manual
wps的pdf编辑完没有历史版本,WPS PDF,,,,wpspdf,Win32,,,,,,,,zh-CN,manual
打不开edupdf文件,2019卸载反馈,,,,KUninstallUI2,,,,,,,,,,
现在擦拭我的宠物撒饿去啊我是对方,WPS2019,,,,KUninstall,,,,,,,,,,
为什么文档内容没有生成ppt呢,一键生成幻灯片,,,,wpp,Win32,,,,,,,,zh-CN,manual
PDF无法像word一样通过限制“WPS账户”加密么？,WPS PDF,,,,wpspdf,Win32,,,,,,,,zh-CN,auto
"[nps_web_ap_read];[10];[功能全面,界面清晰/功能好找,AI操作便捷、效果好,产品口碑好、服务好,性能稳定无卡顿,功能操作简单,会员费用合理];[]",净推荐值,,,,,windows_browser,,,,,,,,,
帧率过低，视觉不流畅,2019卸载反馈,,,,KUninstallUI2,,,,,,,,,,
妈的， 连是谁说的话都分不清,WPS 听记,,,,wpsoffice,Win32,,,,,,,,zh-CN,manual
用微信输入法在wps打字，符号自动补全就会失效。 比如打双引号或则双括号，一次只会出现一个。,WPS OFFICE,,,,home,Win32,,,,,,,,zh-CN,auto
为什么我的文件总是莫名其妙的失踪，找不到了,WPS OFFICE,,,,home,Win32,,,,,,,,zh-CN,manual
[nps_web_ap_read];[10];[功能全面];[],净推荐值,,,,,windows_wpsdrive,,,,,,,,,
打开ppt  有些文字变乱码了,PC端个人中心,,,,wpsoffice,Win32,,,,,,,,zh-CN,manual
pdf编辑内容未保存，电脑重启之后文件历史版本也没有有编辑内容的版本！！！！怎么恢复pdf里面的标注，高光，添加文字,WPS PDF,,,,wpspdf,Win32,,,,,,,,zh-CN,auto
好呆啊这个分析，区间不准确，应该是按准确的个数分析,智能分析,,,,KAIET,Win32,,,,,,,,,
旧版本插件残留一直清理不掉，导致我按ctrl键出现0,WPS故障检测,,,,kdiagnostictools_KUninstallUi,Win32,,,,,,,,zh-CN,manual
"[nps_web_ap_read];[10];[功能全面,界面清晰/功能好找,AI操作便捷、效果好,产品口碑好、服务好];[]",净推荐值,,,,,windows_wpsdrive,,,,,,,,,
怎么几百字的内容给我重复生成好多遍，还不给全生成,WPS灵犀,,,,lingxi_local_wps,Win32,,,,,,,,zh-CN,manual
文件无法打开,关闭异常弹窗, 所有文件均关闭异常,,,close_prometheus,Win32,,,,,,,,zh-CN,manual
[nps_web_ap_read];[0];[AI功能复杂、效果差];[],净推荐值,,,,,windows_wpsdrive,,,,,,,,,
多台机器登录时，会自动更新，即使该机器上的文件是旧的还会覆盖新的。A、B两台机器都可以同样账号登录wps，12-14号在A机器登录wps对文件file做了更新。12-15号在登录机器登录wps，这时file会自动以B机器上旧的file更新wps上的file文件,WPS2019,,,,encode,Win32,,,,,,,,zh-CN,auto
流氓软件 全都是广告 操你妈逼,2019卸载反馈,,,,KUninstallUI2,,,,,,,,,,
无法联系服务器 没有自动保存,WPS故障检测,,,,kdiagnostictools_aside_block,Win32,,,,,,,,zh-CN,manual
1.WPS经常在正常使用时卡死，长时间无反应，且无法关闭，需重启电脑再次使用，且编辑文件会丢失。 2.弹框显示WPS内存不足，询问文件是否继续打开，选择继续打开后电脑死机。,PC端个人中心,,,,wpsoffice,Win32,,,,,,,,zh-CN,auto
为什么电脑端不能和手机端同步,WPS OFFICE,,,,home,Win32,,,,,,,,zh-CN,auto
test:/feedback/api/v1/submit,test_app,,,,test_name,,,,,,,,,,
test:/feedback/api/v2/submit,TEST_APP,,,,test_name,test_version,,,,,,,,,
会员录制功能点开后，不出现控制图标，只有黑框,屏幕录制,,,,,Win32,,,,,,,,,
占内存,WPS2019,,,,KUninstall,,,,,,,,,,
转十分钟了还在只有一个框？？,AI文档脑图,,,,WPS,Win32,,,,,,,,zh-CN,auto
推出所有安防软件，始终不能同步文件夹,WPS云盘（同步助手）,文件传输异常,,,kdiagnostictools_syncassistant_syncerror,Win32,,,,,,,,zh-CN,manual
不想EXCEL默认是WPS  总是强迫设定,2019卸载反馈,,,,KUninstallUI2,,,,,,,,,,
显示网络异常，请连接网络后再试,WPS图片编辑器,,,ks3_userfile/1766059327055/7985542875673320.jpg,photo_outside,Win32,,,,,,,,zh-CN,manual
我把本地文档转化为在线文档后，再本地文档内不显示数据了,WPS OFFICE,,,,home,Win32,,,,,,,,zh-CN,auto
无法正常打开,WPS2019,,,,pdf,Win32,,,,,,,,zh-CN,manual
为什么我一打俄乌俩个字就出现红色的波浪,WPS故障检测,,,,kdiagnostictools_KUninstallUi,Win32,,,,,,,,zh-CN,auto
公式中无法输入此类带^的符号,WPS文字,,,,encode,Win32,,,,,,,,zh-CN,auto
生成太慢了,AI论文初稿,,,,AK20250819HCSFXA,Win32,,,,,,,,,
,全文翻译,翻译页数/支付问题,会员翻译页数未更新,,kdoctranslatepane,Win32,,,,,,,,zh-CN,manual
怎么越来越难用，上一个版本就很好,WPS图片编辑器,,,ks3_userfile/1766058956266/2619714983573144.png,photo_outside,Win32,,,,,,,,zh-CN,manual
[nps_web_ap_read];[10];[功能全面];[],净推荐值,,,,,windows_wpsdrive,,,,,,,,,
网络并没有问题，最近在使用【审阅】服务时就一直显示网络问题。,校对,,,,kproofread,Win32,,,,,,,,zh-CN,manual
在桌面选中几个pdf文件，右键合并pdf为什么没有反应,WPS OFFICE,,,,home,Win32,,,,,,,,zh-CN,auto
"[nps_web_ap_read];[10];[功能全面,界面清晰/功能好找,AI操作便捷、效果好,产品口碑好、服务好];[]",净推荐值,,,,,windows_wpsdrive,,,,,,,,,
连接网络异常，实际我的网络没问题,WPS图片编辑器,,,ks3_userfile/1766058914280/8808058259637416.jpg,photo_outside,Win32,,,,,,,,zh-CN,manual
此界面无法往下拉看后面内容,WPS OFFICE,,,,home,Win32,,,,,,,,zh-CN,auto
企业账号自己冲了会员，没有权限使用ai要通过学校升级，会员浪费严重,WPS AI,功能无法使用,,,space_clean,Win32,,,,,,,,zh-CN,auto
工具栏的文字怎样调大？,外观设置,,,,wpsoffice,Win32,,,,,,,,zh-CN,manual
闪退，无法使用AI功能,发送错误报告,,,,wps,Win32,,,,,,,,zh-CN,manual
能不能把需要VIP功能才能用的标出来，有时候真的很不方便,动态图表,,,,ET,Win32,,,,,,,,,
文件修补不了，总是提示损坏或者备份,文档修复V2,文档无法修复,,,docrepairv2,Win32,,,,,,,,zh-CN,manual
"[nps_web_ap_read];[9];[功能全面,界面清晰/功能好找];[]",净推荐值,,,,,windows_wpsdrive,,,,,,,,,
图片转PDF时，如果选择的文件名带有中文字符或括号时，则批量导入后文件顺序经常会出现混乱，比如批量导入15个图片：“图片（1）.jpg” 至“ 图片（15）.jpg”，导入后排序有时会出现混乱，  图片（1）.jpg ，图片（11）.jpg  ，  图片（12）.jpg ，图片（13）.jpg  ，  图片（14）.jpg ，图片（15）.jpg  ，  图片（2）.jpg   ，图片（3）.jpg  ，  图片（4）.jpg   ，图片（5）.jpg  ，  图片（6）.jpg ，图片（7）.jpg  ，  图片（8）.jpg，图片（9）.jpg  ，  图片（10）.jpg,WPS2019,,,,encode,Win32,,,,,,,,zh-CN,manual
为什么突然两个电脑不能同步文件内容了,WPS OFFICE,,,,home,Win32,,,,,,,,zh-CN,auto
"[nps_web_ap_read];[0];[功能缺失,界面不清晰/功能难找,AI功能复杂、效果差,产品口碑一般、服务差,其他,会员费用不合理,功能操作难,性能不稳定易卡顿];[]",净推荐值,,,,,windows_browser,,,,,,,,,
图片编辑软件免费商用字体太少了,WPS图片编辑器,,,ks3_userfile/1766058399569/9952650590015308.jpg,photo_outside,Win32,,,,,,,,zh-CN,manual
老是死机,2019卸载反馈,,,,KUninstallUI2,,,,,,,,,,
怎样查看最近两个月本台电脑登录过的账户,PC端个人中心,,,,wpsoffice,Win32,,,,,,,,zh-CN,manual
显示已经同步完成，其实文件夹内部的文件只同步了一小部分。 其他文件夹同步正常，就几个文件夹同步异常。,WPS云盘（同步助手）,文件传输异常,,,同步助手,Win32,,,,,,,,zh-CN,auto
不需要胃,AI 表格助手,,,,PHOTO_UNINSTALL,Win32,,,,,,,,,
根本用不了。在线表格中AI界面打开不能输入中文,WPS AI,,,,s,unknown,,,,,,,,,
[nps_web_ap_read];[10];[功能全面];[],净推荐值,,,,,windows_wpsdrive,,,,,,,,,
"[nps_web_ap_read];[10];[性能稳定无卡顿,功能操作简单,会员费用合理];[]",净推荐值,,,,,windows_wpsdrive,,,,,,,,,
7号临时登录“WPS_1684129216”的账号并在使用后退出WPS关闭电脑，在10号使用WPS时已显示账号为未登录状态，10号制作新的文件过程中才登录清杉???的账号，但最后新文件制作完成显示“WPS_1684129216”为作者，清杉???为保存者，这个情况造成了我们工作上被判定为串标嫌疑，我这边催客服给结果客服一直没给，问了智能客服智能客服说是WPS的缓存信息问题，希望您这边在12月19日前给个证明材料，证明WPS确实会有这个情况，协助我们申诉,WPS OFFICE,,,,home,Win32,,,,,,,,zh-CN,manual
[nps_web_pdf_read];[9];[功能全面];[],净推荐值,,,,,windows_browser,,,,,,,,,
笔记本装的WPS突然打不开文件，下载也下载不了,WPS OFFICE,,,,home,Win32,,,,,,,,zh-CN,auto
如何管理个人账户,PC端个人中心,,,,wpsoffice,Win32,,,,,,,,zh-CN,auto
经常性自动奔溃,发送错误报告,,,,wpp,Win32,,,,,,,,zh-CN,manual
[nps_web_ap_read];[0];[功能缺失];[],净推荐值,,,,,windows_browser,,,,,,,,,
用VLOOKUP匹配数据的时候一直弹出来这个，匹配不了，什么情况,PC端个人中心,,,,wpsoffice,Win32,,,,,,,,zh-CN,auto
表格部份在电脑里编辑好后在手机上无法同步更新,WPS OFFICE,,,,home,Win32,,,,,,,,zh-CN,auto
怎么设置黑白打印,打印预览和打印,,,,wps,Win32,,,,,,,,zh-CN,manual
下载文件无法正常打开,WPS2019,,,,wps,Win32,,,,,,,,zh-CN,manual
WPS智能表单：简单易用的信息在线收集神器(1) 本教程适用版本：WPS Office For Windows 个人版   在学习教程时，适用版本安装后总是显示最新版本，请问怎样才能安装之前的版本呢,WPS学堂,其他，请在反馈内容描述您的问题,,,,Win32,,,,,,,,zh-CN,manual
垃圾软,2019卸载反馈,,,,KUninstallUI2,,,,,,,,,,
不要ai捣乱，要有关闭键,WPS AI,其他问题或建议,,,et,Win32,,,,,,,,zh-CN,auto
同步文件夹，部分内容不同步。电脑上有，云端没有。,WPS云盘（同步助手）,文件传输异常,,,同步助手,Win32,,,,,,,,zh-CN,auto
复制功能出现异常,PC端个人中心,,,,wpsoffice,Win32,,,,,,,,zh-CN,manual
test:/feedback/api/v1/submit,test_app,,,,test_name,,,,,,,,,,
test:/feedback/api/v2/submit,TEST_APP,,,,test_name,test_version,,,,,,,,,
图形长期不变，无更新。,插入智能图形,,,,wpp,Win32,,,,,,,,zh-CN,auto
一直卡着同步不过去,WPS云盘（同步助手）,文件传输异常,,,同步助手,Win32,,,,,,,,zh-CN,auto
检查完文字乱码不能撤销,AI 检查校对,,,,wpp,Win32,,,,,,,,zh-CN,auto
转换效果反馈：其他问题；；补充描述：老师提示转换失败，稍后重试,PDF转换,,,,kpdf2wordv2,Win32,,,,,,,,,
打印机无法链接,WPS导出为PDF,,,,KINGSOFTVIRTUALPRINTER,Win32,,,,,,,,,
文件在此电脑云文档中能找到，在软件内云文档找不到,WPS云盘,__default,其他，请在下方反馈,,kdiagnostictools_ksomisc,Win32,,,,,,,,zh-CN,auto
问了一个问题他结果直接报错了,PERSONAL,,,,kaisearch,Win32,,,,,,,,zh-CN,manual
都要购买一点也不方便 主要是都没有使用过这些功能,稻壳封面,,,,WPS,Win32,,,,,,,,,
如何放大pdf导航窗格的文字,WPS PDF,,,,wpsoffice,Win32,,,,,,,,zh-CN,auto
关不了,关闭异常弹窗, 所有文件均关闭异常,,,close_prometheus,Win32,,,,,,,,zh-CN,manual
自动生成的目录字号太小，修改之后有无法通过点击目录到达对应的页面,生成目录,,,,pc_pdf_generatecatalog,Win32,,,,,,,,zh-CN,manual
[nps_web_ap_read];[0];[界面不清晰/功能难找];[],净推荐值,,,,,windows_browser,,,,,,,,,
灵犀语音助手在哪？,WPS智能工具箱,,,,ET,Linux x86_64,,,,,,,,,
希望可以关闭ai功能。用户些什么自己心里有数，不需要ai指指点点，非要开ai也应该让用户能自己选择关闭吧。写古文方面的论文，原文如此，ai还擅作主张给我批一整面红色的“病句”，又关不掉，非常影响我创作。,WPS AI,其他问题或建议,,,wps,Win32,,,,,,,,zh-CN,manual
申请会员退款，10分钟前开通了，误操作,PC端个人中心,,,,wpsoffice,Win32,,,,,,,,zh-CN,auto
,输出为PDF,转换效果不满意,排版错乱,,ET,Win32,,,,,,,,zh-CN,manual
识别错误,图片识别公式,,,,图片识别公式,Win32,,,,,,,,zh-CN,manual
右键找不到压缩文件夹,WPS解压,,,,kquicksearch,Win32,,,,,,,,zh-CN,manual
为啥不能自定义颜色呀,WPS桌面助手,,,,kdesktop,Win32,,,,,,,,zh-CN,manual
无法打开文件,WPS OFFICE,,,,home,Win32,,,,,,,,zh-CN,manual
表格文件打开第三个的时候会单独打开一个窗口,WPS故障检测,,,,kdiagnostictools_ksomisc,Win32,,,,,,,,zh-CN,auto
表格样式应用，现在遇到表格里有合并的单元格时无法使用,PC端个人中心,,,,wpsoffice,Win32,,,,,,,,zh-CN,manual
打开不了文件,WPS2019,,,,wpp,Win32,,,,,,,,zh-CN,manual
文件打不开,WPS2019,,,,pdf,Win32,,,,,,,,zh-CN,manual
表格编辑栏给个细不拉几的字体很好看是吗？就算微软雅黑没版权，左边坐标的字体多好，实在不行Arial也行，都不用。老版本还能自定义改这玩意，新版本直接没这选项，感觉很有意思对吧，建议你们码代码也用这个字体。,外观设置,,,,wpsoffice,Win32,,,,,,,,zh-CN,manual
最新版本没有字体、字体大小、字体颜色等重要功能，增加的功能全是很少用的。,WPS图片编辑器,,,ks3_userfile/1766056528300/7182894796577845.png,photo_outside,Win32,,,,,,,,zh-CN,manual
昨天交的费用今天就过期了是什么原因,WPS会员官网,,,,WPS会员官网,Win32,,,,,,,,zh-CN,manual
流氓安装,2019卸载反馈,,,,KUninstallUI2,,,,,,,,,,
w我靠靠靠靠靠靠靠靠靠靠靠靠靠靠靠靠知不知道更新之后版本超级难用啊，真的想卸载了，本来自动抠图下面可以选择一键适用尺寸的，现在需要改成自己动手，超级难改！！！！产品经理到底在干什么，到底有没有用过自己家的产品啊啊啊啊啊啊！！！！！什么垃圾更新啊，难用死了，提出这个优化的工作人员趁早离职吧，改的功能太恶心了，不如去用美图秀秀了！真是服了，原本最喜欢用wps图片编辑的。。。,WPS图片编辑器,,,ks3_userfile/1766056431019/1964517018324640.jpg,photo_outside,Win32,,,,,,,,zh-CN,auto
不会,WPS2019,,,,KUninstall,,,,,,,,,,
你好，通过WPS打开我桌面上的文件，显示文件处于锁定状态，只能只读，怎么在不另存的情况下，进行编辑，总是这种情况，该怎么办。请回复，谢谢！,PC端个人中心,,,,wpsoffice,Win32,,,,,,,,zh-CN,auto
同步失灵，同步状态显示完成，但是并没有同步文件夹,WPS OFFICE,,,,home,Win32,,,,,,,,zh-CN,auto
已经开通了会员，就不要天天弹开通会员的广告了,3D演示,,,,wpp,Win32,,,,,,,,zh-CN,auto
"[nps_web_ap_read];[9];[功能全面,AI操作便捷、效果好];[]",净推荐值,,,,,windows_wpsdrive,,,,,,,,,
[nps_web_ap_read];[10];[性能稳定无卡顿];[],净推荐值,,,,,windows_wpsdrive,,,,,,,,,
电脑文件为何不可以同步云文档，,帮助与问答,,,,wpsoffice,Win32,,,,,,,,zh-CN,auto
打不开表格,发送错误报告,,,,wps,Win32,,,,,,,,zh-CN,manual
test:/feedback/api/v1/submit,test_app,,,,test_name,,,,,,,,,,
test:/feedback/api/v2/submit,TEST_APP,,,,test_name,test_version,,,,,,,,,
不能搜索,WPS搜索,搜索结果等待时间很长,,,search,Win32,,,,,,,,zh-CN,auto
引用的单据点开，能不能加个求和项,金山文档｜WPS云文档,产品建议,其他问题或建议,,pc_home_jinxiaomeng,Win32,,,,,,,,zh-CN,auto
查看其他程序，wps小窗口后，再回到wps就黑屏,WPS OFFICE,,,,home,Win32,,,,,,,,zh-CN,auto
翻译和提取文字无法使用。,WPS OFFICE,,,,home,Win32,,,,,,,,zh-CN,manual
开通会员后，且具有ai体验未到期，且对话框显示还有可用次数，但！使用ai 生成ppt 时 一直弹出升级会员弹窗，导致该功能无法使用，极大的恶化使用体验。请及时解决,WPS2019,,,,encode,Win32,,,,,,,,zh-CN,manual
不能登录,独立版PDF,,,,home,Win32,,,,,,,,zh-CN,manual
莫名其妙的打不开,WPS2019,,,,KUninstall,,,,,,,,,,
无法搜索,WPS搜索,其他问题,,,search,Win32,,,,,,,,zh-CN,auto
重命名不能操作，选择重命名后，还未修改或修改中自动回复选择重命名前的文档名，再次右键重命名，还是改不了，除非开关机,WPS OFFICE,,,,home,Win32,,,,,,,,zh-CN,manual
"每次打开wps office都会有限显示稻壳AI模板, 但是实际上更多的时候用户需求是新建或者打开文档. 有没有配置可以自选加载后的首页?",WPS OFFICE,,,,home,Win32,,,,,,,,zh-CN,auto
怎么下载大会员模板下载不了一直是失败的状态,PC端个人中心,,,,wpsoffice,Win32,,,,,,,,zh-CN,auto
复制粘贴失效，contrl+C，contrl+V，无法复制文字到云文档中,WPS云文档,,,,wpsoffice,Win32,,,,,,,,zh-CN,auto
为什么使用平板？在WPS编写表格的时候文件的时候然后不能插入？签名。或者是直接手写签名？,WPS智能工具箱,,,,ET,Linux x86_64,,,,,,,,,
[nps_web_pdf_read];[6];[AI功能复杂、效果差];[],净推荐值,,,,,windows_wpsdrive,,,,,,,,,
刚冲的会员，结果文件没保存，需要找到文件，急急急，在线等,思维导图-WPS X 亿图,,,,yitumind,Win32,,,,,,,,zh-CN,manual
可以取消自动优化吗？我不充值 我不开会员,图片打印,,,ks3_userfile/1766055375346/8235711661286355.png,photoprintapp,Win32,,,,,,,,zh-CN,manual
我是超级会员为什么打印发票还要续费,PDF发票打印,,,,kbillprintv2,Win32,,,,,,,,zh-CN,manual
为什么老是给我自动更新版本，我不需要新版本,WPS历史版本,其他，请在反馈内容描述您的问题,,,application,Win32,,,,,,,,zh-CN,manual
用WPS.在本设备。编辑表格的时候为什么不能插入？签名。或者是直接在表格里面用手写签名？,WPS智能工具箱,,,,ET,Linux x86_64,,,,,,,,,
想钱想疯了,2019卸载反馈,,,,KUninstallUI2,,,,,,,,,,
1300多页、100万字的文档，每动一下都会提示文档加载中，卡的根本用不了,WPS2019,,,,encode,Win32,,,,,,,,zh-CN,manual
[nps_web_ap_read];[0];[功能操作难];[],净推荐值,,,,,windows_wpsdrive,,,,,,,,,
使用时无法下拉，导致该功能无法正常使用,AI 表格助手,AI 快速问答,,,o,Win32,,,,,,,,zh-CN,manual
做好的思维导图，买了会员，结果文档没保存没了，如何找回来,思维导图-WPS X 亿图,,,,yitumind,Win32,,,,,,,,zh-CN,manual
dns错误,WPS故障检测,,,,kdiagnostictools_ksomisc,Win32,,,,,,,,zh-CN,auto
垃圾服务,WPS AI,其他问题或建议,,,wps,Win32,,,,,,,,zh-CN,unknown
不能AI校对，显示失败,校对,,,,kproofread,Linux aarch64,,,,,,,,zh-CN,manual
安装时提示参数错误,WPS OFFICE,,,,home,Win32,,,,,,,,zh-CN,unknown
AI表格助手在生成回答时内容长度超出浮动窗口的高度后无法滚动查看生成结果，尤其是深度思考功能在小窗口输出思考内容更长,WPS AI,其他问题或建议,,,et,Win32,,,,,,,,zh-CN,manual
仿宋_GB2312  没有 可以增加吗,云字体,,,,wps,Win32,,,,,,,,zh-CN,auto
文件夹无法预览,WPS故障检测,,,,kdiagnostictools_ksomisc,Win32,,,,,,,,zh-CN,manual
编辑文件时，显示遇到无法修复的问题,WPS故障检测,,,,kdiagnostictools_ksomisc,Win32,,,,,,,,zh-CN,manual
导出的照片去哪里了？文件夹里也没有？欺骗消费者吗？,金山文档PC图片批量导出,,,,金山文档PC图片批量导出,Win32,,,,,,,,zh-CN,manual
账号名称怎么修改,WPS会员官网,,,,WPS会员官网,unknown,,,,,,,,,
思维导图的功能为何不同一？我在WPS中不同的模块找到了两种思维导图的打开方式，但是各自创建的思维导图却不能互相打开。一个能下载本地，WPS打不开，一个不能下载本地，只能用WPS中创建的思维导图在线打开？,WPS OFFICE,,,,home,Win32,,,,,,,,zh-CN,auto
不小心关闭了文件找回,WPS PDF,,,,wpspdf,Win32,,,,,,,,zh-CN,auto
[nps_web_ap_read];[0];[界面不清晰/功能难找];[],净推荐值,,,,,windows_wpsdrive,,,,,,,,,
有些黑色的色块，看不到东西，更新软件依然有。,WPS故障检测,,,,kdiagnostictools_ksomisc,Win32,,,,,,,,zh-CN,manual
垃圾新建个文档还要开会员·咋不去死,2019卸载反馈,,,,KUninstallUI2,,,,,,,,,,
"[nps_web_ap_read];[10];[界面清晰/功能好找,功能操作简单];[]",净推荐值,,,,,windows_wpsdrive,,,,,,,,,
"[nps_web_ap_read];[10];[功能全面,界面清晰/功能好找,AI操作便捷、效果好,产品口碑好、服务好,性能稳定无卡顿,功能操作简单,会员费用合理];[]",净推荐值,,,,,windows_wpsdrive,,,,,,,,,
为啥都显示重试，跳不出模版,WPS故障检测,,,,kdiagnostictools_feedback_page,Win32,,,,,,,,zh-CN,manual
为什么会这样,WPS OFFICE,,,,home,Win32,,,,,,,,zh-CN,auto
test:/feedback/api/v1/submit,test_app,,,,test_name,,,,,,,,,,
test:/feedback/api/v2/submit,TEST_APP,,,,test_name,test_version,,,,,,,,,
怎么把wps解压搞死，真恶心，在这样会员我就不续费了,WPS OFFICE,,,,home,Win32,,,,,,,,zh-CN,manual
图片标注现在太复杂麻烦了，你们有使用过吗，前两次更新前还是很好用的，现在越更新越复杂,WPS图片,点击功能无反应,,,photo_outside,Win32,,,,,,,,zh-CN,manual
教师认证失败,WPS教育版,,,,wpsoffice,Win32,,,,,,,,zh-CN,auto
教师认证数次，均失败，请告知原因，很急。18310813808.,PC端个人中心,,,,wpsoffice,Win32,,,,,,,,zh-CN,auto
右键扩展功能菜单没有WPS怎么办,WPS OFFICE,,,,home,Win32,,,,,,,,zh-CN,manual
本地数据不能同步到云盘,WPS OFFICE,,,,home,Win32,,,,,,,,zh-CN,auto
打不开 Endnote,2019卸载反馈,,,,KUninstallUI2,,,,,,,,,,
QQ绑定手机已无法使用，电脑重做系统后无法登陆，无法接收到验证码,WPS登录,接收不到验证码,,,,Win32,,,,,,,,zh-CN,manual
使用【查找替换功能】时，有一条查找结果显示为“文本框：xxxxx”，但该文本没有在文档中显示。但复制全文到其他AI工具中时，却能被识别到，并且位于文档的最开头。 如果找到并显示该隐藏内容，并且删除掉呢,WPS文字,,,,wpsoffice,Win32,,,,,,,,zh-CN,manual
[nps_web_ap_read];[10];[性能稳定无卡顿];[],净推荐值,,,,,windows_browser,,,,,,,,,
后台自启动删不掉,2019卸载反馈,,,,KUninstallUI2,,,,,,,,,,
为什么不能固定整列自动分列,智能分列,,,,,Win32,,,,,,,,,
打印预览有内容打出来空白页，,2019卸载反馈,,,,KUninstallUI2,,,,,,,,,,
vlookup,便捷公式,,,,kformulaassistant,Win32,,,,,,,,zh-CN,manual
希望与WORD一样免费,WPS图片编辑器,,,ks3_userfile/1766053779833/1102663885839382.jfif,photo_outside,Win32,,,,,,,,zh-CN,auto
我是超级会员，为什么不能多个表格拆分,PC端个人中心,,,,wpsoffice,Win32,,,,,,,,zh-CN,manual
[nps_web_ap_read];[10];[功能操作简单];[],净推荐值,,,,,windows_wpsdrive,,,,,,,,,
会员还没到期啊，为什么图片编辑不能用了,PC端个人中心,,,,wpsoffice,Win32,,,,,,,,zh-CN,manual
为什么图片编辑不能用了,PC端个人中心,,,,wpsoffice,Win32,,,,,,,,zh-CN,manual
为什么看不了我的云文档,WPS OFFICE,,,,home,Win32,,,,,,,,zh-CN,manual
5.6题按解析作答不给分,WPS教学平台-题目练习,,,,,12.1.0.23542,,,,,,,,,
每次打开窗口显示比例很小， PPT能不能每次打开显示比例是合适的大小；,稻壳商城,其他，请在反馈内容描述您的问题,,,docer_shop_22,Win32,,,,,,,,zh-CN,manual
"[nps_web_ap_read];[0];[性能不稳定易卡顿,功能操作难,会员费用不合理,其他];[]",净推荐值,,,,,windows_wpsdrive,,,,,,,,,
很急，请尽快处理！！录制的视频不然又要重新录制，这样我肯定会投诉的！！！,PC端个人中心,,,,wpsoffice,Win32,,,,,,,,zh-CN,auto
多维表格，双向关联使用条件筛选之后无法显示数据。,金山文档｜WPS云文档,产品建议,其他问题或建议,,pc_home_jinxiaomeng,Win32,,,,,,,,zh-CN,auto
有一个word文档一编辑就卡死，显示正在加载但是一直进度都是66%，并且也无法关掉，只有在后台强制关掉该窗口，但是点开其他文件都是正常的。,PC端个人中心,,,,wpsoffice,Win32,,,,,,,,zh-CN,manual
为什么我只能保存2分钟录制的视频？我已是超级会员，为什么老是要提醒我再充值？需要尽快处理，联系电话18824231957,PC端个人中心,,,,wpsoffice,Win32,,,,,,,,zh-CN,auto
教师认证失败，怎么进行人工认证,PC端个人中心,,,,wpsoffice,Win32,,,,,,,,zh-CN,auto
,PDF表格识别,__default,编辑后排版错乱,3e012a477207e2056c410a99c2b1a38b,pdf,Win32,,,,,,,,zh-CN,manual
网页总结的逻辑不对，目前是根据链接进行获取内容，这样子就会出现要登录的内容，ai就会获取不到。作为浏览器插件，应该是是总结当前页面的内容啊，像金山收藏助手一样先把当前内容记下来再总结吧。,浏览器插件,,,,Edge,Win32,,,,,,,,zh-CN,manual
"[nps_web_ap_read];[7];[其他,性能稳定性];[]",净推荐值,,,,,windows_wpsdrive,,,,,,,,,
无法定位程序输入点,关闭异常弹窗, 所有文件均关闭异常,,,close_prometheus,Win32,,,,,,,,zh-CN,manual
[不能将格式设置为符合公文的格式，导出样式经常出问题],净推荐值,,,,,windows_wpsdrive,,,,,,,,,
[nps_web_ap_read];[0];[会员费用不合理];[],净推荐值,,,,,windows_browser,,,,,,,,,
"[nps_web_ap_read];[5];[界面不清晰/功能难找,功能缺失];[]",净推荐值,,,,,windows_wpsdrive,,,,,,,,,
添加不桌面图章,图章工具,,,,KSTAMPTOOL,Win32,,,,,,,,,
桌面图标打不开软件,WPS2019,,,,KUninstall,,,,,,,,,,
无法加载,图片转PDF,,,,photo2pdf,Win32,,,,,,,,zh-CN,auto
WPS表格中用公式快速求和计算失误,PC端个人中心,,,,wpsoffice,Win32,,,,,,,,zh-CN,auto
使用文件里的图片时，保存不了，一直卡着无响应，重启软件和重启电脑都没用,PC端个人中心,,,,wpsoffice,Win32,,,,,,,,zh-CN,manual
我已经是2年的大会员了，离到期还有1年多时间，为什么老师推荐我购买会员？就不能到期前3个人再推荐吗？你这样骚扰到我了，难道是逼我提前更换软件吗？,PC端个人中心,,,,wpsoffice,Win32,,,,,,,,zh-CN,auto
不好用，有冲突,2019卸载反馈,,,,KUninstallUI2,,,,,,,,,,
卡死了，粘贴图片显示内存不足，需联系客服，找不到客服界面，自动修复失败,WPS故障检测,,,,kdiagnostictools_aside_block,Win32,,,,,,,,zh-CN,auto
拆分合并怎么转换不了,金山PDF转换,,,,wpsoffice,Win32,,,,,,,,zh-CN,manual
如何关闭文件预览，文件未打开时的预览,WPS OFFICE,,,,home,Win32,,,,,,,,zh-CN,manual
无法修改标题和正文模板样式，一直更改失败，Normal模板被占用。,WPS2019,,,,encode,Win32,,,,,,,,zh-CN,auto
生成页数太多了，我只要15-20张幻灯片,一键生成幻灯片,,,,wpp,Win32,,,,,,,,zh-CN,manual
文件损坏,WPS故障检测,,,,kdiagnostictools_ksomisc,Win32,,,,,,,,zh-CN,auto
没有筷子的符号,符号与表情,,,,UNDEFINED,Win32,,,,,,,,,
无法打开,WPS2019,,,,KUninstall,,,,,,,,,,
我不是一个新手，最近使用wps表格按拼音排序排出来的结果是乱序，按照系统给的视频最详细的做法，还是乱序，我多次下载重装，情况依旧，请问如何搞定？,WPS表格,,,,encode,Win32,,,,,,,,zh-CN,manual
能不能根据图片长宽自动调节横纵向，不要一下规定死，要么全横，要么全纵的,图片转PDF,,,ks3_userfile/1766052515699/1078201853449346.jpg,photo2pdf,Win32,,,,,,,,zh-CN,manual
[nps_web_ap_read];[10];[功能全面];[],净推荐值,,,,,windows_wpsdrive,,,,,,,,,
Word文档用不了,WPS2019,,,,wps,Win32,,,,,,,,zh-CN,manual
表格打不开,WPS2019,,,,et,Win32,,,,,,,,zh-CN,manual
为什么我所有的表格（新的表格）之后再打开里面会嵌入很多别的表格，那个是我之前打开的文件，现在这个情况已经出现很久了，很影响使用,PC端个人中心,,,,wpsoffice,Win32,,,,,,,,zh-CN,auto
ppt播放插入的视频能听到声音，显示白屏。,PC端个人中心,,,,wpsoffice,Win32,,,,,,,,zh-CN,manual
test:/feedback/api/v1/submit,test_app,,,,test_name,,,,,,,,,,
test:/feedback/api/v2/submit,TEST_APP,,,,test_name,test_version,,,,,,,,,
WPS word 另存为 选择文件的位置，默认怎么改为该文件所在位置,PC端个人中心,,,,wpsoffice,Win32,,,,,,,,zh-CN,manual
能不能增加一个一键生成符合内容配图的功能,WPS AI,其他问题或建议,,,o,Win32,,,,,,,,zh-CN,manual
[nps_web_ap_read];[6];[其他];[我正在用，学习怎么用，推荐能力有限，有缘就推荐。],净推荐值,,,,,windows_wpsdrive,,,,,,,,,
不能一键查看所有备注内容吗,应用中心,找不到功能入口,,,wpp,Win32,,,,,,,,zh-CN,manual
WPS图片矫正之前都不是AI矫正，现在莫名其妙变成AI矫正，特别慢，垃圾，还有就是图片裁剪都覆盖原图了，还有点确定，很慢，一点不好用,WPS图片,功能崩溃/闪退/卡顿/反应慢,,,photo_outside,Win32,,,,,,,,zh-CN,auto
文件卡死了没保存怎么办？,PC端个人中心,,,,wpsoffice,Win32,,,,,,,,zh-CN,manual
PDF转WORD总提示网络失败，转换不了,PC端个人中心,,,,wpsoffice,Win32,,,,,,,,zh-CN,auto
我重复购买了大会员和超级会员，但是给我的权限一直都只是大会员，请问是怎么回事？,PC端个人中心,,,,wpsoffice,Win32,,,,,,,,zh-CN,manual
找不到VBA官方下载方式,应用市场,,,,application,Win32,,,,,,,,zh-CN,manual
网络连接正常，但是WPS无法联网,组件内云状态图标,,,,kdiagnostictools_cloudstatusicon_syncerror,Win32,,,,,,,,zh-CN,auto
无网络,批量删除,,,,kbatchdelete,Win32,,,,,,,,zh-CN,manual
11111,2019卸载反馈,,,,KUninstallUI,,,,,,,,,,
打开是只读模式,WPS OFFICE,,,,home,Win32,,,,,,,,zh-CN,manual
工具突然改变位置，十分不习惯,WPS图片编辑器,,,ks3_userfile/1766051764883/3699317041850932.png,photo_outside,Win32,,,,,,,,zh-CN,auto
云文档同步的时候，给其他文件重命名时会自动全选名称，非常鸡肋，这是windows以前系统就有的BUG，WPS应该是直接借鉴的代码，可以更新一下了，好多年的老BUG了,PC端个人中心,,,,wpsoffice,Win32,,,,,,,,zh-CN,auto
人工服务电话多少,PC端个人中心,,,,wpsoffice,Win32,,,,,,,,zh-CN,manual
我草泥马，老子做了很久的表格， 就因为没会员，你给老子圈子作废了，说什么超过10MB，草泥马，祝你早日倒闭,WPS云盘（同步助手）,其他问题,,,同步助手,Win32,,,,,,,,zh-CN,auto
我是超级会员，付了98，可是一直没有到账，仍然是大会员,PC端个人中心,,,,wpsoffice,Win32,,,,,,,,zh-CN,manual
现在的通用校对满篇全是虚线，看的人头疼，校对也识别有问题，这是什么情况？商家注意一下看这个问题如何处理，还不如以前的好用,PC端个人中心,,,,wpsoffice,Win32,,,,,,,,zh-CN,manual
不要调色啊不会啊，能能能直接选颜色太烦了,WPS图片编辑,,,,photoeditapp,Win32,,,,,,,,zh-CN,manual
保存为图片型ppt怎么没了？,WPS OFFICE,,,,home,Win32,,,,,,,,zh-CN,auto
打印机不工作,打印预览和打印,,,,et,Win32,,,,,,,,zh-CN,manual
为什么取消了图片的比例选择？,AI抠图,,,,photomattingapp,Win32,,,,,,,,zh-CN,auto
你又不好使了 什么都查不了 不知道你妈妈怎么管你的 三天两头的掉链子,WPS灵犀,,,,lingxi_local_wps,Win32,,,,,,,,zh-CN,auto
无法使用字体颜色,2019卸载反馈,,,,KUninstallUI2,,,,,,,,,,
wps便签功能不易用，且存在重复： 1、入口很难找到，只能搜索 2、wps便签不支持代码或者格式较多的文档 3、wps便签不支持搜索笔记内容，没有搜索框 4、与wps新增的知识库功能存在冲突，不知道用哪个好，实际两个都完全不好用，完全无法替代专业的笔记软件，例如有道云笔记、为知笔记等,应用中心,其他，请在反馈内容描述您的问题,,,home,Win32,,,,,,,,zh-CN,auto
有些功能用不了，比如文件格式转换，提取文字等，显示网络连接异常。,PC端个人中心,,,,wpsoffice,Win32,,,,,,,,zh-CN,manual
AI生成的PPT发送给其他人为什么打开没有内容？,PC端个人中心,,,,wpsoffice,Win32,,,,,,,,zh-CN,auto
如何把三位柱形图切换颜色,图表美化,,,,wpp,Win32,,,,,,,,zh-CN,manual
无法输入搜索,WPS搜索,其他问题,,,search,Win32,,,,,,,,zh-CN,auto
加载不出来,WPS搜索,提示错误：搜索功能未能正常加载,,,search,Win32,,,,,,,,zh-CN,auto
写了一个多小时的东西，崩溃了以后所有东西都没了,WPS2019,,,,KUninstall,,,,,,,,,,
老是无法编辑，刚编辑就下线,WPS2019,,,,wps,Win32,,,,,,,,zh-CN,manual
给我取消掉一按打印就自动给我体验会员的东西！！！真的不需要！！很耽误打印的时间！！！,图片打印,,,ks3_userfile/1766051188611/1091322130736555.jpg,photoprintapp,Win32,,,,,,,,zh-CN,auto
[nps_web_ap_read];[3];[功能缺失];[],净推荐值,,,,,windows_wpsdrive,,,,,,,,,
一直提示保存，用不了,AI文风模仿,,,,word,Win32,,,,,,,,zh-CN,auto
[nps_web_ap_read];[10];[AI操作便捷、效果好];[],净推荐值,,,,,windows_wpsdrive,,,,,,,,,
总是默认打开，但是有的文件需要用别的文档,2019卸载反馈,,,,KUninstallUI2,,,,,,,,,,
无法保存,WPS云文档,,,,KNEWSHARE_TOPRIGHTSHARE,Win32,,,,,,,,,
无骑缝章,图章工具,,,,KSTAMPTOOL,Win32,,,,,,,,,
为什么关不掉那个小灯泡，什么都用不了,智能图形美化,,,,wpp,Win32,,,,,,,,zh-CN,manual
发个发的高富帅,输出为PDF,转换成功，找不到转换后的文件,,,WPS,Win32,,,,,,,,zh-CN,auto
能不能不要每次要打印的时候都跳出来会员自动修改后，这样打印很耗时间，需要去取消关闭，不需要体验会员后的效果，需要的自然会去买，这样耽误人打印时间真的很反感哎！很讨厌！！！,图片打印,,,ks3_userfile/1766051012150/8021048612467927.jpg,photoprintapp,Win32,,,,,,,,zh-CN,auto
如何调整水印字体大小,WPS图片编辑器,,,ks3_userfile/1766051000905/5512877110650610.jpg,photo_outside,Win32,,,,,,,,zh-CN,manual
[nps_web_ap_read];[10];[功能全面];[],净推荐值,,,,,windows_browser,,,,,,,,,
不能保存文件,WPS云文档,,,,KNEWSHARE_TOPRIGHTSHARE,Win32,,,,,,,,,
占空间，影响操作，不需要出现在界面上,WPS灵犀,,,,lingxi_online_et,Win32,,,,,,,,zh-CN,manual
有些文件字体识别不出来 更改后字体会有误差这个怎么办 有没有字体库下载的办法,独立版PDF,,,,wpspdf,Win32,,,,,,,,zh-CN,manual
关闭服务,WPS灵犀,,,,lingxi_local_widget,Win32,,,,,,,,zh-CN,manual
[nps_web_ap_read];[8];[产品口碑与服务];[],净推荐值,,,,,windows_browser,,,,,,,,,
习惯之前的版本，不习惯现在的版本，能不能别弄那么花里胡哨；而且更新没有经过我的同意，是在使用途中背地给我更新的，我很不满意，如果这样的话，我要考虑不再使用WPS,输出为PDF,其他，请在反馈内容描述您的问题,,,WPS,Win32,,,,,,,,zh-CN,manual
操作麻烦,WPS图片编辑器,,,ks3_userfile/1766050713006/7059309944440594.jpg,photo_outside,Win32,,,,,,,,zh-CN,manual
右键菜单突然消失。图片类文件再无法用WPS图片编辑功能打开,WPS图片,点击功能无反应,,,photosplitapp,Win32,,,,,,,,zh-CN,auto
为什么模板不可以使用,PC端个人中心,,,,wpsoffice,Win32,,,,,,,,zh-CN,manual
白痴ai我让他操作命令他给整文字出来他是听不懂人话吗,AI 表格助手,AI 操作表格,,,et,Win32,,,,,,,,zh-CN,manual
wps 为什么不能跨文件搜索呢？ 想一块搜索所有打开的文件这个功能啊，赞！,WPS文字,,,,lingxi_local_wps,Win32,,,,,,,,zh-CN,manual
翻译出来一堆乱码无法阅读,WPS OFFICE,,,,home,Win32,,,,,,,,zh-CN,auto
添加水印，多行状态下有问题，有时候图片编辑不好用，没以前的好用,WPS图片编辑器,,,ks3_userfile/1766050469794/4438331382541463.png,photo_inside,Win32,,,,,,,,zh-CN,manual
test:/feedback/api/v1/submit,test_app,,,,test_name,,,,,,,,,,
test:/feedback/api/v2/submit,TEST_APP,,,,test_name,test_version,,,,,,,,,
[nps_web_ap_read];[10];[性能稳定无卡顿];[],净推荐值,,,,,windows_wpsdrive,,,,,,,,,
PDF文件无法批量插入其他PDF文件,PC端个人中心,,,,wpsoffice,Win32,,,,,,,,zh-CN,auto
图片的去水印功能有BUG 1、图片去水印完成以后，选择覆盖原图的话，还是会在文件夹里面另存一个图片，不会覆盖原图 2、当前去水印的图片完成以后，想要编辑下一张图片的话，只能点击右上角关闭页面按钮退出图片程序，如果点击左上角返回按钮的话，当前去水印的图片就被还原了，请核实解决一下，谢谢,WPS图片,保存失败,,,wpsoffice,Win32,,,,,,,,zh-CN,manual
为什么老是弹出这个弹框,WPS OFFICE,,,,home,Win32,,,,,,,,zh-CN,auto
打开卡顿严重,WPS OFFICE,,,,home,Win32,,,,,,,,zh-CN,auto
电脑无故退出，在开机后WPS无法运行，,发送错误报告,,,,prometheus,Win32,,,,,,,,zh-CN,manual
"[nps_web_ap_read];[10];[功能全面,性能稳定无卡顿,功能操作简单];[]",净推荐值,,,,,windows_wpsdrive,,,,,,,,,
自动打开AI功能，用不习惯，影响工作，关闭位置不好找到,WPS AI,其他问题或建议,,,wps,Win32,,,,,,,,zh-CN,auto
将已有文档保存为自定义样式集，但是wps中显示的样式集的编号变了是为什么，是不是有bug？？,WPS文字,,,,encode,Win32,,,,,,,,zh-CN,manual
[nps_web_ap_read];[8];[界面功能设计];[],净推荐值,,,,,windows_wpsdrive,,,,,,,,,
接收了一个pdf文件，打开进行编辑的时候，就卡住了，只能强制关闭应用，然后点击删除此文件也无法进行删除，之后打开其他文件，也会有卡顿的情况,WPS故障检测,,,,kdiagnostictools_ksomisc,Win32,,,,,,,,zh-CN,auto
账号找不到想解绑，这个图片中的账号ID我找不到。麻烦给我解绑,PC端个人中心,,,,wpsoffice,Win32,,,,,,,,zh-CN,manual
Excel老是出现服务错误,2019卸载反馈,,,,KUninstallUI2,,,,,,,,,,
稻壳资源无法登录，点不动，也无法插入素材,WPS OFFICE,,,,home,Win32,,,,,,,,zh-CN,manual
[nps_web_ap_read];[10];[功能全面];[],净推荐值,,,,,windows_wpsdrive,,,,,,,,,
ai功能无法使用,PC端个人中心,,,,wpsoffice,Win32,,,,,,,,zh-CN,manual
无法退出当前账号,金山文档｜WPS云文档,我要吐槽,性能体验太差了，给你一星都嫌多,,pc_home_jinxiaomeng,Linux aarch64,,,,,,,,zh-CN,manual
打开文档 文字全部乱码，加急,WPS2019,,,,encode,Win32,,,,,,,,zh-CN,auto
桑基图数据不能粘贴,图表美化,,,,wpp,Win32,,,,,,,,zh-CN,auto
文字全部无法读取，其他人使用WPS打开正常,WPS2019,,,,encode,Win32,,,,,,,,zh-CN,auto
收集表可以加入一些入职个人信息收集的或者仓库表单的收集模板,WPS OFFICE,,,,home,Win32,,,,,,,,zh-CN,manual
