反馈id,端,内容,反馈产品,问题类型,问题标签,问题样张,组件,版本号,渠道号,traceid,guid,hdid,来源字单元id,deviceid,设备类型,设备型号名称,设备系统版本,设备系统语言,云开关状态,ABI类型,SVN号,VC值,反馈时间,是否处理,最后处理人昵称,用户附件数量,用户附件列表,内部附件列表,附加信息,备注,系统语言,安装位置,CPU,显卡信息,设备名称,内存,硬盘,分辨率,系统版本,时区,客户端模式,云同步状态
fb_6955c6b0ab7987004cfd4d8d,pc,网络没问题，一直断网什么意思，浪费时间,PC端个人中心,,,,wpsoffice,12.1.0.24034,12012.2019,,B3547F84DFAB4433A88F5AAFCC1DA295,43472695f5904798092013e1b4317305,,,,Win32,Win32,,,,,,2026/1/1 8:58,未处理,,1,https://admin-get.wps.cn/api/admin/v1/feedback/ks3_file/userfile/1767228996083/o_1jdrgtn59sm61r3o11kns1n5be.png,,,,zh-CN,C:\Users\Administrator\AppData\Local\Kingsoft\WPS Office\12.1.0.24034 (1408MB),"Intel(R) Core(TM) i5-6200U CPU @ 2.30GHz, 2.40GHz, LENOVO 20H3A004CD","Intel(R) HD Graphics 520, 1024MB VRAM, Driver v21.20.16.4727 NVIDIA GeForce 920MX, VRAM, Driver v31.0.15.1654 OrayIddDriver Device, VRAM, Driver v17.50.19.949",SC-202006300934,DDR4-2133 SDRAM:6.7/7.9GB,C:107.2/145GB,1366x768,Microsoft Windows 10 专业版(64 位) Build 19045 v10.0.19045,(UTC+08:00) 北京，重庆，香港特别行政区，乌鲁木齐,Integration,auto
fb_6955c5cd12fa9b004c7d6840,pc,为什么文档不能续写了？,PC端个人中心,,,,wpsoffice,12.1.0.24034,20.2706,,088D662D8DD64BF5BBE93714541B3345,1ab3cdc4102e61c8f47b4e4bd6529059,,,,Win32,Win32,,,,,,2026/1/1 8:54,未处理,,0,,,,,zh-CN,D:\WPS\WPS Office\12.1.0.24034 (1370MB),"12th Gen Intel(R) Core(TM) i5-12400, 2.50GHz, ASUSTeK COMPUTER INC. PRIME H610M-F D4 R2.0","OrayIddDriver Device, VRAM, Driver v17.50.19.949 Intel(R) UHD Graphics 730, 2048MB VRAM, Driver v32.0.101.7040",DESKTOP-5BAUFNJ,DDR4-3200 SDRAM:8.2/15.7GB,"C:80.4/120GB, D:55.2/113GB",1920x1080,Microsoft Windows 11 专业版(64 位) Build 26100 v10.0.26100,(UTC+08:00) 北京，重庆，香港特别行政区，乌鲁木齐,Integration,manual
fb_6955c5822de9f70053172ed4,pc,如何安装Batang字体,云字体,,,,wps,12.1.0.24034,12012.2019,,175B54EF5DEF4C2ABC65341250AD1747,f1fd571dfd3cf0fa3a8475a54aac3800,,,,Win32,Win32,,,,,,2026/1/1 8:53,未处理,,0,,,,,zh-CN,D:\WPS Office\12.1.0.24034 (1341MB),"Intel(R) Core(TM) i5-14600K, 3.50GHz, Micro-Star International Co., Ltd. B760M GAMING PLUS WIFI (MS-7D99)","Intel(R) UHD Graphics 770, 2048MB VRAM, Driver v32.0.101.7026",WIN-0HO1KDP682A,Unknown Memory-4800 SDRAM:8.4/31.7GB,"C:83.1/495GB, D:313.8/1863GB",3840x2160,Microsoft Windows 11 专业版(64 位) Build 26100 v10.0.26100,(UTC+08:00) 北京，重庆，香港特别行政区，乌鲁木齐,Integration,manual
fb_6955c2cc2de9f70053172ec8,pc,没有smartArt功能，怎么处理,PC端个人中心,,,,wpsoffice,12.1.0.24034,50.513,,83579CF74E63473A94455E3D8B1D12FC,bf1a555d1ed647cf522becb578a04455,,,,Win32,Win32,,,,,,2026/1/1 8:41,未处理,,0,,,,,zh-CN,C:\Users\wp168\AppData\Local\Kingsoft\WPS Office\12.1.0.24034 (1395MB),"13th Gen Intel(R) Core(TM) i5-13400, 2.50GHz, LENOVO 333B","Intel(R) UHD Graphics 730, 2048MB VRAM, Driver v32.0.101.6129",清水人生,DDR4-3200 SDRAM:8.2/15.7GB,C:83.9/140GB,1920x1080,Microsoft Windows 11 家庭中文版(64 位) Build 22621 v10.0.22621,(UTC+08:00) 北京，重庆，香港特别行政区，乌鲁木齐,Integration,manual
fb_6955c2c9ab7987004cfd4d6e,pc,又很多PDF解析不了,WPS OFFICE,,,,home,12.1.0.23542,20.2706,1767228105325_1.28_efc50326d161,8E0D0FA0FCED44648221BAE361C66168,bb6255dcadc755eb5adc7b889a32f84a,,,,Win32,Win32,,,,,,2026/1/1 8:41,未处理,,1,https://admin-get.wps.cn/api/admin/v1/feedback/ks3_file/userfile/1767227195517/o_1jdrg0ovgek616rd6j21bk8mfee.png,,,,zh-CN,D:\Users\Administrator\AppData\Local\Kingsoft\WPS Office\12.1.0.23542 (1397MB),"Intel(R) Xeon(R) CPU E5-2686 v4 @ 2.30GHz, 2.30GHz, INTEL X99-XD3","OrayIddDriver Device, VRAM, Driver v17.1.58.818 NVIDIA GeForce GTX 1060, VRAM, Driver v32.0.15.6094",CHINAMI-2385RE3,DDR3-1600 SDRAM:30.8/63.9GB,"C:108.2/150GB, D:250.5/327GB",2560x1440,Microsoft Windows 10 专业版(64 位) Build 19045 v10.0.19045,(UTC+08:00) 北京，重庆，香港特别行政区，乌鲁木齐,Integration,auto
fb_6955bbf72de9f70053172ebd,pc,说好的以前的签到小时活动兑换天数，咋没有兑现，差不多有一个月的剩余兑换小时呢,PC端个人中心,,,,wpsoffice,12.1.0.24034,20.2706,,39CD1F5176DD4595A8CFD0402726279D,3a7bf18fff6add31aacbe777e7a8c14a,,,,Win32,Win32,,,,,,2026/1/1 8:12,未处理,,0,,,,,zh-CN,C:\Users\Administrator\AppData\Local\Kingsoft\WPS Office\12.1.0.24034 (1370MB),"Intel(R) Core(TM) i5-9400F CPU @ 2.90GHz, 2.90GHz, ONDA 9D4-VH-D","OrayIddDriver Device, VRAM, Driver v17.50.19.949 NVIDIA GeForce GT 730, VRAM, Driver v23.21.13.8813",PC-202510111232,DDR4-3200 SDRAM:7.3/16.0GB,C:56.1/150GB,1680x1050,Microsoft Windows 10 专业版(64 位) Build 19045 v10.0.19045,(UTC+08:00) 北京，重庆，香港特别行政区，乌鲁木齐,Integration,auto
fb_6955ae2b2de9f70053172eb0,pc,使用的罗技键盘，上面有计算器快捷键，在未打开WPS软件时，能通过键盘快捷键启动计算器；打开WPS软件时，按动计算器快捷键没有任何反应。 回馈方式：邮箱1579210095@qq.com；联系电话18678969663。,PC端个人中心,,,,wpsoffice,12.1.0.24031,12012.2019,,71414A287F0943128EF43C86B9DF9802,cd23f1478e26fb09a65fb6bef7d3eada,,,,Win32,Win32,,,,,,2026/1/1 7:13,未处理,,1,https://admin-get.wps.cn/api/admin/v1/feedback/ks3_file/userfile/1767222450034/o_1jdraug966jatvc1pli132v1l00e.mp4,,,,zh-CN,D:\WPS Office\12.1.0.24031 (1383MB),"11th Gen Intel(R) Core(TM) i5-11500 @ 2.70GHz, 2.71GHz, Dell Inc. 0GK35Y","NVIDIA T600, VRAM, Driver v32.0.15.7344 Intel(R) UHD Graphics 750, 2048MB VRAM, Driver v32.0.101.7026",DELL,DDR4-3200 SDRAM:6.0/15.7GB,"C:44.3/161GB, D:9.0/77GB",1920x1080,Microsoft Windows 10 家庭中文版(64 位) Build 19045 v10.0.19045,(UTC+08:00) 北京，重庆，香港特别行政区，乌鲁木齐,Integration,manual
fb_695582e926195c0053e7209a,pc,为什么交了这几次款，文档朗读的功能不可用，AI声线出现后，反而不要加钱才能朗读？我只要系统声线，怎样操作？请回复并指教！！,AI朗读,,,,wps,12.1.0.24034,20.2706,,0451EEA49AC8488DBA7C3F3567751983,18daf7b18baea7e5b353b7c71979565d,怎么还原删除的文件,,,Win32,Win32,,,,,,2026/1/1 4:09,未处理,,4,"https://admin-get.wps.cn/api/admin/v1/feedback/ks3_file/userfile/1767211495368/o_1jdr0d2hoqpo17tk1r9jvgr94mh.jpg
https://admin-get.wps.cn/api/admin/v1/feedback/ks3_file/userfile/1767211495368/o_1jdr0d2ho1sl3e6vnrg1oi810s0j.jpg
https://admin-get.wps.cn/api/admin/v1/feedback/ks3_file/userfile/1767211495368/o_1jdr0d2hp6kdgre1m871jdv1e1fl.jpg
https://admin-get.wps.cn/api/admin/v1/feedback/ks3_file/userfile/1767211495368/o_1jdr0d2hp1t3819u816il14o7grmn.jpg",,,,zh-CN,D:\安装软件路径\WPS Office\12.1.0.24034 (1358MB),"Intel(R) Pentium(R) CPU G3250 @ 3.20GHz, 3.20GHz, LENOVO SHARKBAY","标准 VGA 图形适配器, VRAM, Driver v6.1.7600.16385",PC-20250405FWKP,Unknown Memory-1600 SDRAM:3.5/3.9GB,"C:20.5/60GB, D:18.8/59GB",1280x1024,Microsoft Windows 7 旗舰版 (64-bit) Build 7601 v6.1.7601,(UTC+08:00) 北京，重庆，香港特别行政区，乌鲁木齐,Integration,manual
fb_69557925ab7987004cfd4d4b,pc,关于同账号多端同步的问题，现在更新的越来越难用了，打开文件后就显示文档有修改，点击立即更新至云端，手机和电脑哪一个点击更新同步后，另一个就会开始重复上面的内容，哪怕只是点开文件什么都没做，这个见了鬼的交互逻辑对多端操作的体验是非常恶劣的，在同时打开且未关闭文档的时候，都不清楚到底哪一个才是较新的一份，像原来那样点开未操作的时候不显示需要同步不好吗？ 这个交互逻辑在电脑端也遇到过，只是电脑端可以找老版本客户端回退，我就是因为这个交互回退到23版的，哪曾想现在又出现这种情况，那肯定就是手机版更新后的缘故，可手机版上哪请去找稳定经典的app去？一个需要稳定的办公软件，东改一榔头西改一棒槌的，更难用了,WPS云文档,,,,home,11.1.0.14309,12012.2019,,C3C412A8F44C4ECDB7F72D4CE0EDEEF5,74b025a6b677c5062ee623d3d454d72c,,,,Win32,Win32,,,,,,2026/1/1 3:27,未处理,,0,,,,,zh-CN,,,,,,,,,,,manual
fb_695576a5ab7987004cfd4d45,pc,我要移除,WPS OFFICE,,,,home,12.1.0.23542,50.513,1767208475100_2.3_4f1bbfbb27de,349E9BFFA3B44E63ABD5E7F99CFF7034,4742d2d97c994a68183bba7fb8c093df,,,,Win32,Win32,,,,,,2026/1/1 3:16,未处理,,0,,,,,zh-CN,C:\Program Files (x86)\Kingsoft\WPS Office\12.1.0.23542 (1307MB),"Intel(R) Core(TM) i5-4460  CPU @ 3.20GHz, 3.20GHz, ASUSTeK COMPUTER INC. B85M-K","NVIDIA GeForce GTX 1050 Ti, VRAM, Driver v22.21.13.8253",XZ-202103051612,Unknown Memory-1600 SDRAM:2.5/3.9GB,C:45/45GB,1440x900,Microsoft Windows 7 旗舰版 (64-bit) Build 7601 v6.1.7601,(UTC+08:00) 北京，重庆，香港特别行政区，乌鲁木齐,Integration,unknown
fb_69557084d449ec005a1e9a27,pc,为什么冲了会员还经常弹窗广告充值，严重影响正常使用，请问如何关闭,PC端个人中心,,,,wpsoffice,12.1.0.24034,20.2706,,811953C388D64BEAB1693F5213C091D9,20bd4f14ffba8a0bef57037ddc124630,,,,Win32,Win32,,,,,,2026/1/1 2:50,未处理,,0,,,,,zh-CN,C:\Users\Administrator\AppData\Local\Kingsoft\WPS Office\12.1.0.24034 (1354MB),"AMD Ryzen 7 9700X 8-Core Processor             , 3.80GHz, ASUSTeK COMPUTER INC. PRIME B650M-K","OrayIddDriver Device, VRAM, Driver v17.50.19.949 AMD Radeon RX 9070 GRE, VRAM, Driver v32.0.22029.9039 AMD Radeon(TM) Graphics, 512MB VRAM, Driver v32.0.21033.2001",Sherwin-PC,Unknown Memory-4800 SDRAM:11.8/31.2GB,C:164.0/300GB,3440x1440,Microsoft Windows 11 专业版(64 位) Build 26200 v10.0.26200,(UTC+08:00) 北京，重庆，香港特别行政区，乌鲁木齐,Integration,auto
fb_695565012de9f70053172e9b,pc,IA续写不能正常使用,WPS AI,功能无法使用,,,wps,12.1.0.24034,20.2706,1767204099154_1.8_4632935a3253,8DD9C190E5E144FEBCAEE3AA9E249424,ff6bc4c961aaa04cdfc87b2ac2da7442,,,,Win32,Win32,,,,,,2026/1/1 2:01,未处理,,0,,,,,zh-CN,D:\WPS Office\12.1.0.24034 (1400MB),"AMD Ryzen 5 5625U with Radeon Graphics         , 2.30GHz, Dell Inc.  ","OrayIddDriver Device, VRAM, Driver v17.1.58.818 AMD Radeon (TM) Graphics, 512MB VRAM, Driver v31.0.21921.1000",DESKTOP-6PEKG26,DDR4-3200 SDRAM:10.7/15.4GB,"C:149.5/154GB, D:76.3/151GB",3072x1920,Microsoft Windows 11 专业版(64 位) Build 22631 v10.0.22631,(UTC+08:00) 北京，重庆，香港特别行政区，乌鲁木齐,Integration,manual
fb_695562802de9f70053172e95,pc,都开了会员了每天弹尼玛的窗，能不能别这么恶心，考虑下用户的感受,WPS OFFICE,,,,home,12.1.0.24034,12012.2019,,6427E3E3031A41319BE2C8234389049A,f6d795e6edda4d27d90cfaa6cc26b7cc,,,,Win32,Win32,,,,,,2026/1/1 1:50,未处理,,0,,,,,zh-CN,D:\WPS Office\12.1.0.24034 (1325MB),"12th Gen Intel(R) Core(TM) i5-12600KF, 3.70GHz, Colorful Technology And Development Co.,LTD CVN Z690M GAMING FROZEN ","NVIDIA GeForce RTX 3060, VRAM, Driver v32.0.15.6094",CLAY,DDR4-2133 SDRAM:8.8/15.8GB,"C:52.8/199GB, D:2.9/731GB",2560x1440,Microsoft Windows 11 专业版(64 位) Build 26200 v10.0.26200,(UTC+08:00) 北京，重庆，香港特别行政区，乌鲁木齐,Integration,auto
fb_69555fea118666005a2b1a75,pc,pdf没有导出图片功能,WPS OFFICE,,,,home,12.1.0.24031,12012.2019,1767202794521_100.190_efb79af00504,573148418F7A45CDAB24CDEAA3DFE5E1,2c40382302aac819205a8f506f3e1b1d,,,,Win32,Win32,,,,,,2026/1/1 1:39,未处理,,0,,,,,zh-CN,D:\wps\WPS Office\12.1.0.24031 (1351MB),"12th Gen Intel(R) Core(TM) i5-1240P, 1.70GHz, HP 8978","OrayIddDriver Device, VRAM, Driver v17.1.58.818 Intel(R) Iris(R) Xe Graphics, 2048MB VRAM, Driver v32.0.101.7077",RM06633,DDR4-3200 SDRAM:12.4/15.6GB,"C:73.2/149GB, D:71.1/180GB",1920x1080,Microsoft Windows 11 专业版(64 位) Build 26200 v10.0.26200,(UTC+08:00) 北京，重庆，香港特别行政区，乌鲁木齐,Integration,manual
fb_69555c78d449ec005a1e9a1b,pc,为什么充值会员一致退款啊？,PC端个人中心,,,,wpsoffice,12.1.0.24034,50.524,,B4684E21C3CA47E2994B69CE44808A94,1d49b50158b87aa1075815e06c50b27c,,,,Win32,Win32,,,,,,2026/1/1 1:25,未处理,,0,,,,,zh-CN,C:\Users\汤金铨\AppData\Local\Kingsoft\WPS Office\12.1.0.24034 (1419MB),"11th Gen Intel(R) Core(TM) i5-11320H @ 3.20GHz, 3.19GHz, TIMI TM2131","Intel(R) Iris(R) Xe Graphics, 1024MB VRAM, Driver v30.0.101.1069",凌波漫步,DDR4-3200 SDRAM:9.6/15.8GB,C:435.9/476GB,3456x2160,Microsoft Windows 11 家庭中文版(64 位) Build 26200 v10.0.26200,(UTC+08:00) 北京，重庆，香港特别行政区，乌鲁木齐,Integration,auto
fb_695551063dc417005ae63072,pc,WPS文件可以正常打开，但是直接运行WPS不能运行系统,WPS OFFICE,,,,home,12.1.0.24034,1.1,1767198981031_1.30_9cc2e878c4b4,054426811C734EB89C855AAC2999367F,53d90dd6af725958c3deed15ad06fe37,,,,Win32,Win32,,,,,,2026/1/1 0:36,未处理,,0,,,,,zh-CN,C:/Users/ASUS/AppData/Local/Kingsoft/WPS Office/12.1.0.24034 (1357MB),"12th Gen Intel(R) Core(TM) i7-12700H, 2.30GHz, ASUSTeK COMPUTER INC. FX507ZV4","Intel(R) Iris(R) Xe Graphics, 2048MB VRAM, Driver v32.0.101.6790 NVIDIA GeForce RTX 4060 Laptop GPU, VRAM, Driver v32.0.15.5597",LAPTOP-9BD4BCNS,DDR4-3200 SDRAM:9.4/15.6GB,C:179.1/198GB,1920x1080,Microsoft Windows 11 家庭中文版(64 位) Build 26200 v10.0.26200,(UTC+08:00) 北京，重庆，香港特别行政区，乌鲁木齐,Integration,auto
fb_69554daf2de9f70053172e7d,pc,说了到期不兑换超级会员的话自动充值到个人账号，这就偷偷下架了兑换按钮，装什么，别想逃避，说话不算数了！！！,PC端个人中心,,,,wpsoffice,12.1.0.19302,12012.2019,,67D4EB33227F4D0FBD0D8010A212D7C4,21e276cdcf751081d994742d0ae0f962,,,,Win32,Win32,,,,,,2026/1/1 0:22,未处理,,0,,,,,zh-CN,D:\Program Files (x86)\Efficiency office\WPS Office\12.1.0.19302 (1177MB),"Intel(R) Core(TM) i7-6700HQ CPU @ 2.60GHz, 2.59GHz, ASUSTeK COMPUTER INC. GL502VML","NVIDIA GeForce GTX 1060, VRAM, Driver v23.21.13.8857",玩万事大吉,DDR4-2133 SDRAM:9.1/15.9GB,"C:96.4/118GB, D:190.1/360GB",1920x1080,Microsoft Windows 10 家庭中文版(64 位) Build 19045 v10.0.19045,(UTC+08:00) 北京，重庆，香港特别行政区，乌鲁木齐,,manual
fb_69554c84b1404a004c82e2c1,pc,文档使用密码加密，微信传给朋友，下载到电脑需要密码打开。但是微信中直接打开（不需要密码），做点修改，另存到电脑，就不需要密码就能打开了,WPS OFFICE,,,,home,12.1.0.24034,50.393,1767197837238_3.49_70c95713c9be,083FF83F8C204F42BE6D8905089D69D8,2393a35f8c49a992556170c2f3f1320f,,,,Win32,Win32,,,,,,2026/1/1 0:17,未处理,,0,,,,,zh-CN,D:\软件\WPS Office\10.1.0.7566\12.1.0.24034 (1382MB),"Intel(R) Core(TM) i5-8300H CPU @ 2.30GHz, 2.30GHz, Dell Inc. 0YMMT6","Intel(R) UHD Graphics 630, 1024MB VRAM, Driver v27.20.100.9664 NVIDIA GeForce GTX 1050, VRAM, Driver v31.0.15.2879",hx,DDR4-2667 SDRAM:7.7/11.7GB,"C:85.8/104GB, D:41.1/80GB",1920x1080,Microsoft Windows 10 家庭中文版(64 位) Build 19045 v10.0.19045,(UTC+08:00) 北京，重庆，香港特别行政区，乌鲁木齐,Integration,manual
fb_69554c35b28a0c004c50beb6,pc,打印不了双面打印,打印预览和打印,,,,wps,12.1.0.24657,20.2706,,2CEA4A6C7CD64840A70826C6BDBD4B73,2b16ef893e4a45de9f0d7428ded518e3,,,,Win32,Win32,,,,,,2026/1/1 0:15,未处理,,0,,,,,zh-CN,C:\Users\22818\AppData\Local\Kingsoft\WPS Office\12.1.0.24657 (1309MB),"AMD Ryzen 5 5500U with Radeon Graphics         , 2.10GHz, LENOVO LNVNB161216","AMD Radeon(TM) Graphics, VRAM, Driver v31.0.21024.2004",轩琨智,DDR4-3200 SDRAM:4.5/5.8GB,C:86.6/200GB,1920x1080,Microsoft Windows 11 家庭中文版(64 位) Build 26200 v10.0.26200,(UTC+08:00) 北京，重庆，香港特别行政区，乌鲁木齐,Integration,auto
fb_695548b5616a01005ac7933d,pc,电话号码不用了，怎么更换,PC端个人中心,,,,wpsoffice,12.1.0.24034,1.1,,9F50B676ED8447BFAC3947E4F4690478,3618bdf271944549db05050ef37537f3,,,,Win32,Win32,,,,,,2026/1/1 0:00,未处理,,0,,,,,zh-CN,C:\Program Files (x86)\WPS Office\12.1.0.24034 (1351MB),"13th Gen Intel(R) Core(TM) i5-13420H, 2.10GHz, HUAWEI MDG-XX-PCB","Intel(R) UHD Graphics, 1024MB VRAM, Driver v31.0.101.4146",LAPTOP-GFBL65L9,LPDDR4-4267 SDRAM:9.0/15.7GB,C:86.5/200GB,1920x1200,Microsoft Windows 11 家庭中文版(64 位) Build 26100 v10.0.26100,(UTC+08:00) 北京，重庆，香港特别行政区，乌鲁木齐,Integration,manual
fb_695546d82de9f70053172e69,pc,没有仿宋 gb2312字体，麻烦速度帮我解决,PC端个人中心,,,,wpsoffice,12.1.0.24034,50.513,,CD1ADA115F5C4EFE87EFC8A67C67B7FE,65532c8e2afd0b7a9e04dc4cc4ed3b03,,,,Win32,Win32,,,,,,2025/12/31 23:52,未处理,,0,,,,,zh-CN,,"Intel(R) Xeon(R) CPU E5-2698B v3 @ 2.00GHz, 2.00GHz, INTEL X99","AMD Radeon RX590 GME, VRAM, Driver v31.0.12027.9001",DESKTOP-S6FKC29,DDR3-1867 SDRAM:3.7/47.8GB,C:50.7/60GB,1920x1080,Microsoft Windows 10 专业版(64 位) Build 19045 v10.0.19045,(UTC+08:00) 北京，重庆，香港特别行政区，乌鲁木齐,Integration,manual
fb_69554696e782ad00534b0822,pc,打开WPS软件后，键盘计算器快捷键打不开,PC端个人中心,,,,wpsoffice,12.1.0.24031,12012.2019,,71414A287F0943128EF43C86B9DF9802,cd23f1478e26fb09a65fb6bef7d3eada,,,,Win32,Win32,,,,,,2025/12/31 23:51,未处理,,0,,,,,zh-CN,D:\WPS Office\12.1.0.24031 (1383MB),"11th Gen Intel(R) Core(TM) i5-11500 @ 2.70GHz, 2.71GHz, Dell Inc. 0GK35Y","NVIDIA T600, VRAM, Driver v32.0.15.7344 Intel(R) UHD Graphics 750, 2048MB VRAM, Driver v32.0.101.7026",DELL,DDR4-3200 SDRAM:5.0/15.7GB,"C:47.4/161GB, D:9.0/77GB",1920x1080,Microsoft Windows 10 家庭中文版(64 位) Build 19045 v10.0.19045,(UTC+08:00) 北京，重庆，香港特别行政区，乌鲁木齐,Integration,manual
fb_6955466eb1404a004c82e2ae,pc,跨境电商客户日益增多，WPS图片编辑支持一键图片中的中文翻译英文吗？,WPS OFFICE,,,,home,12.1.0.23542,20.2706,1767196273274_1.84_52f4872c6b94,2D9BB24C48404B3AAE001E9D95ADA372,a23d227bc79e178841849b88eb0196b6,,,,Win32,Win32,,,,,,2025/12/31 23:51,未处理,,1,https://admin-get.wps.cn/api/admin/v1/feedback/ks3_file/userfile/1767196130945/o_1jdqhl25sjk51jvp98p11pinf8e.jpg,,,,zh-CN,D:\软件\WPS Office\WPS Office\12.1.0.23542 (1321MB),"11th Gen Intel(R) Core(TM) i5-1135G7 @ 2.40GHz, 2.42GHz, LENOVO LNVNB161216","OrayIddDriver Device, VRAM, Driver v17.50.19.949 Intel(R) Iris(R) Xe Graphics, 1024MB VRAM, Driver v30.0.101.1960",DESKTOP-4DEFHB2,DDR4-3200 SDRAM:8.9/15.8GB,"C:90.6/245GB, D:10.8/232GB",1920x1080,Microsoft Windows 10 家庭版(64 位) Build 19045 v10.0.19045,(UTC+08:00) 北京，重庆，香港特别行政区，乌鲁木齐,Integration,auto
fb_69554544b1404a004c82e2a7,pc,出现bug，pdf浏览中无法显示工具栏具体内容，只有边框，重启仍无法修复 详见截图,WPS PDF,,,,wpsoffice,12.1.0.22529,12012.2019,,24D5A730927E48908DBE0BF18CA54DA0,e5ebcc1f44a3242663221a6cbe6f527d,,,,Win32,Win32,,,,,,2025/12/31 23:46,未处理,,1,https://admin-get.wps.cn/api/admin/v1/feedback/ks3_file/userfile/1767195807026/o_1jdqhbe2i1alenkd1u961ukm1scpe.png,,,,zh-CN,D:\Downloads\WPS Office\12.1.0.22529 (1252MB),"12th Gen Intel(R) Core(TM) i7-12650H, 2.30GHz, MECHREVO GM5AR0O","NVIDIA GeForce RTX 4060 Laptop GPU, VRAM, Driver v32.0.15.9159 Intel(R) UHD Graphics, 128MB VRAM, Driver v31.0.101.5186",板鸭,DDR4-3200 SDRAM:7.8/15.7GB,"C:117.4/199GB, D:226.6/276GB",2560x1440,Microsoft Windows 11 家庭中文版(64 位) Build 26200 v10.0.26200,(UTC+08:00) 北京，重庆，香港特别行政区，乌鲁木齐,,manual
fb_6955417de782ad00534b0817,pc,仿宋_GB2312,缺失字体,,,,wps,12.1.0.24034,50.513,,CD1ADA115F5C4EFE87EFC8A67C67B7FE,65532c8e2afd0b7a9e04dc4cc4ed3b03,,,,Win32,Win32,,,,,,2025/12/31 23:30,未处理,,0,,,{"plugin_version":"3.1.0.27296"},,zh-CN,,"Intel(R) Xeon(R) CPU E5-2698B v3 @ 2.00GHz, 2.00GHz, INTEL X99","AMD Radeon RX590 GME, VRAM, Driver v31.0.12027.9001",DESKTOP-S6FKC29,DDR3-1867 SDRAM:5.9/47.8GB,C:50.0/60GB,1920x1080,Microsoft Windows 10 专业版(64 位) Build 19045 v10.0.19045,(UTC+08:00) 北京，重庆，香港特别行政区，乌鲁木齐,Integration,manual
fb_69553f0cd449ec005a1e99ed,pc,在外部网络正常的情况下， wps无法更新文件到云端， 且无法下载在线资源（如ppt中的 “插入- 图片 -在线图片”）,PC端个人中心,,,,wpsoffice,12.1.0.24034,20.2706,,4B5145409E1A4554901F08B4311ED8D3,2cf6e0dab9ac50bae3f676fd1f0f4c18,,,,Win32,Win32,,,,,,2025/12/31 23:19,未处理,,0,,,,,zh-CN,D:\app下载地址\WPS Office\12.1.0.24034 (1370MB),"Intel(R) Core(TM) i5-10200H CPU @ 2.40GHz, 2.40GHz, LENOVO LNVNB161216","NVIDIA GeForce GTX 1650, VRAM, Driver v31.0.15.1700",LAPTOP-LR1JDCNM,DDR4-2933 SDRAM:9.7/15.9GB,"C:91.2/100GB, D:235.4/376GB",1920x1080,Microsoft Windows 10 家庭中文版(64 位) Build 19045 v10.0.19045,(UTC+08:00) 北京，重庆，香港特别行政区，乌鲁木齐,Integration,auto
fb_69553df43dc417005ae63057,pc,精度严重失真 原来底图很清晰，替换后底图模糊到看不清,风格克隆,,,,WPSOFFICE,12.1.0.24034,12012.2019,,8B355E61F84C4BF69AD6E392B15BCF0E,17047f631710008b28a7085d5ab445b2,,,,Win32,Win32,,,,,,2025/12/31 23:15,未处理,,0,,,,,zh-CN,D:\WPS Office\12.1.0.24034 (1395MB),"12th Gen Intel(R) Core(TM) i7-12700KF, 3.60GHz, Colorful Technology And Development Co.,LTD CVN Z690 GAMING FROZEN ","OrayIddDriver Device, VRAM, Driver v17.50.19.949 NVIDIA GeForce RTX 3080, VRAM, Driver v32.0.15.6094 GameViewer Virtual Display Adapter, VRAM, Driver v17.13.25.697",12700KF,DDR4-2133 SDRAM:25.0/63.8GB,"C:233.9/377GB, D:418.2/554GB",3440x1440,Microsoft Windows 11 家庭中文版(64 位) Build 22000 v10.0.22000,(UTC+08:00) 北京，重庆，香港特别行政区，乌鲁木齐,Integration,manual
fb_69553da6e782ad00534b0801,pc,拼音指南加载不出来,拼音指南,,,,WPS,12.1.0.24034,20.2706,1767194022673_100.198_19832ef5a565,F1EA0F3CDA44402B8BCD5DC4A96E04A8,d2839cdd3370a830f49b865a2755b6fd,,,,Win32,Win32,,,,,,2025/12/31 23:13,未处理,,0,,,,,zh-CN,,,,,,,,,,,auto
fb_69553c71ab7987004cfd4d13,pc,wps云盘找不到私密文件夹入口,PC端个人中心,,,,wpsoffice,12.1.0.24034,50.513,,BF31FD051C31400A8FAA27694299E55A,d7e25276f2ab424f70f3509fafc4bb1b,,,,Win32,Win32,,,,,,2025/12/31 23:08,未处理,,0,,,,,zh-CN,D:\360安装软件\Kingsoft\WPS Office\12.1.0.24034 (1406MB),"12th Gen Intel(R) Core(TM) i5-12600KF, 3.70GHz, ASUSTeK COMPUTER INC. TUF GAMING B760M-PLUS WIFI D4","OrayIddDriver Device, VRAM, Driver v17.1.58.818 AMD Radeon RX 7700 XT, VRAM, Driver v32.0.12019.1028",DESKTOP-ICOH3N4,DDR4-3600 SDRAM:12.7/31.8GB,"C:97.3/120GB, D:543.7/834GB",1920x1080,Microsoft Windows 10 专业版(64 位) Build 19045 v10.0.19045,(UTC+08:00) 北京，重庆，香港特别行政区，乌鲁木齐,Integration,manual
fb_695539c612fa9b004c7d67bc,pc,找不到页眉页脚的预设样式,页眉和页脚,,,,WPS,12.1.0.23125,,,DC80289DE1914D13855AC30DF8853627,,,,,Win32,Win32,,,,,,2025/12/31 22:57,未处理,,0,,,,,,,,,,,,,,,,
fb_695538ebe782ad00534b07e7,pc,如何将繁体字的PDF文件，直接转换为简体字的PDF文件？,WPS PDF,,,,wpspdf,12.1.0.24034,12012.2019,,08A8CC67A2AB4E8A9EA2DA651B65FFC6,c5c5159c839fb416fb0633a3942fb4b7,,,,Win32,Win32,,,,,,2025/12/31 22:53,未处理,,0,,,,,zh-CN,D:\WPS Office\12.1.0.24034 (1382MB),"Intel(R) Core(TM) i9-9900 CPU @ 3.10GHz, 3.10GHz, LENOVO 313A","NVIDIA GeForce GTX 1660 Ti, VRAM, Driver v30.0.15.1252 Intel(R) UHD Graphics 630, 1024MB VRAM, Driver v31.0.101.2115",DESKTOP-8QD5CSM,DDR4-2667 SDRAM:10.9/15.9GB,"C:71.7/100GB, D:42.3/376GB",1920x1080,Microsoft Windows 11 家庭中文版(64 位) Build 26200 v10.0.26200,(UTC+08:00) 北京，重庆，香港特别行政区，乌鲁木齐,Integration,auto
fb_695537703dc417005ae63038,pc,有版权的试卷，不能下载复印使用吗？,WPS OFFICE,,,,home,12.1.0.24031,50.524,1767192434394_203.100_521ade8c0af4,D62154B406D446639E3380D8757C5485,7044f15e4e1a7c02f2057925e9021b13,,,,Win32,Win32,,,,,,2025/12/31 22:47,未处理,,1,https://admin-get.wps.cn/api/admin/v1/feedback/ks3_file/userfile/1767192302454/o_1jdqe0pk9cs51s9jvv9hukb48e.docx,,,,zh-CN,C:\Users\戴晨玉\AppData\Local\Kingsoft\WPS Office\12.1.0.24031 (1383MB),"13th Gen Intel(R) Core(TM) i5-1340P, 1.90GHz, HP 8B78","Intel(R) Iris(R) Xe Graphics, 2048MB VRAM, Driver v32.0.101.7077",silverbaby18,DDR4-3200 SDRAM:7.7/15.6GB,C:137.1/953GB,1920x1080,Microsoft Windows 11 家庭中文版(64 位) Build 26200 v10.0.26200,(UTC+08:00) 北京，重庆，香港特别行政区，乌鲁木齐,Integration,auto
fb_695536bd2de9f70053172e3f,pc,会自动给删除,PC端个人中心,,,,wpsoffice,12.1.0.24034,20.2706,,3549A6161C2E4C1999BF44AB61B259CD,66b7f059d9037db5c52187655355d4db,,,,Win32,Win32,,,,,,2025/12/31 22:44,未处理,,0,,,,,zh-CN,C:\Users\Administrator\AppData\Local\Kingsoft\WPS Office\12.1.0.24034 (1354MB),"Intel(R) Core(TM) i5-14600KF, 3.50GHz, ASUSTeK COMPUTER INC. TUF GAMING B760M-PLUS II","NVIDIA GeForce RTX 5060 Ti, VRAM, Driver v32.0.15.8157",DESKTOP-41BDRKR,Unknown Memory-6000 SDRAM:14.2/31.8GB,C:112.7/300GB,3440x1440,Microsoft Windows 10 专业版(64 位) Build 19045 v10.0.19045,(UTC+08:00) 北京，重庆，香港特别行政区，乌鲁木齐,Integration,auto
fb_6955349a616a01005ac79307,pc,不止一次了，备份过程中出现错误还无法恢复，造成严重损失,WPS OFFICE,,,,home,12.1.0.24034,12012.2019,1767191708030_1.57_74963424d9d4,77252B0C6881454CBA99E14F0A35C68B,b7f76893887899024e75d4f62ce6c68c,,,,Win32,Win32,,,,,,2025/12/31 22:35,未处理,,1,https://admin-get.wps.cn/api/admin/v1/feedback/ks3_file/userfile/1767191631355/o_1jdqdali21bu3v5d16oou9gscue.png,,,,zh-CN,D:\WPS Office\12.1.0.24034 (1367MB),"Intel(R) Core(TM) Ultra 7 255H, 2.00GHz, ASUSTeK COMPUTER INC. S3607CA","Intel(R) Arc(TM) 140T GPU (16GB), 2048MB VRAM, Driver v32.0.101.6790",LAPTOP-3RH3L6NB,Unknown Memory-5600 SDRAM:12.8/31.4GB,"C:92.2/159GB, D:10.5/794GB",2560x1600,Microsoft Windows 11 家庭中文版(64 位) Build 26200 v10.0.26200,(UTC+08:00) 北京，重庆，香港特别行政区，乌鲁木齐,Integration,auto
fb_69553492616a01005ac79301,pc,是否可以增加播报速度的调整档位，比如每增加0.25,AI朗读,,,,wps,12.1.0.24034,50.513,,536915C26D354FB99E6CAE33FB3BA424,589498527a540595ac5deb130c7dd0bf,,,,Win32,Win32,,,,,,2025/12/31 22:34,未处理,,0,,,,,zh-CN,F:\Program Files (x86)\Kingsoft\WPS Office\12.1.0.24034 (1440MB),"Intel(R) Core(TM) i5-6500 CPU @ 3.20GHz, 3.20GHz, Colorful Technology And Development Co.,LTD C.B150M-K Pro","Intel(R) HD Graphics 530, 1024MB VRAM, Driver v21.20.16.4860",WIN-UBRG2499104,Unknown Memory-2133 SDRAM:8.0/15.9GB,"C:59.1/112GB, F:226.2/316GB",1920x1080,Microsoft Windows 7 旗舰版 (64-bit) Build 7601 v6.1.7601,(UTC+08:00)北京，重庆，香港特别行政区，乌鲁木齐,Integration,auto
fb_695533a92de9f70053172e2b,pc,我不希望以后再次出现开机或重启电脑或是打开pdf文件后关闭上一个文件，屏幕都不能最大化显示的问题，希望WPS的工作人员能够一次性将pdf文件的属性的打开方式设置成最大化显示,WPS PDF,,,,home,12.1.0.24034,12012.2019,,BCDC9115BBD64501B017A552610224EF,6c7c569a63f80123514d79f2cb88d619,,,,Win32,Win32,,,,,,2025/12/31 22:31,未处理,,0,,,,,zh-CN,C:\Users\Administrator\AppData\Local\Kingsoft\WPS Office\12.1.0.24034 (1351MB),"AMD Ryzen 5 4600G with Radeon Graphics, 3.70GHz, IPASON  A520-B","AMD Radeon(TM) Graphics, 512MB VRAM, Driver v31.0.12027.9001",Win-20250514TJB,DDR4-2667 SDRAM:3.6/7.4GB,C:63.1/166GB,1920x1080,Microsoft Windows 10 专业工作站版(64 位) Build 19045 v10.0.19045,(UTC+08:00) 北京，重庆，香港特别行政区，乌鲁木齐,Integration,unknown
fb_695532eb616a01005ac792ef,pc,将WPS这个应用的属性的运行方式调整到了最大化以后，其他文件每次打开都能最大化显示，但唯独pdf文件有时每次打开电脑或重启电脑打开文件不能最大化显示，即使是关闭上一个pdf文件打开下一个pdf文件，窗口仍不能最大化显示，这也导致打开pdf文件打开后不能最大化显示后要点一下放大按钮，再次关闭pdf文件，打开WPS应用，屏幕无法最大化显示，非常影响视觉效果的浏览，因此，希望WPS的工作人员把WPS类型的pdf文件类型的属性设置一下，将pdf的文件打开方式设置成最大化显示，以后不管是开机或重启电脑还是打开pdf文件关闭上一个文件，点开WPS这个应用，屏幕都能最大化显示，我不希望以后每次打开pdf文件,WPS PDF,,,,home,12.1.0.24034,12012.2019,,BCDC9115BBD64501B017A552610224EF,6c7c569a63f80123514d79f2cb88d619,,,,Win32,Win32,,,,,,2025/12/31 22:27,未处理,,0,,,,,zh-CN,C:\Users\Administrator\AppData\Local\Kingsoft\WPS Office\12.1.0.24034 (1351MB),"AMD Ryzen 5 4600G with Radeon Graphics, 3.70GHz, IPASON  A520-B","AMD Radeon(TM) Graphics, 512MB VRAM, Driver v31.0.12027.9001",Win-20250514TJB,DDR4-2667 SDRAM:3.6/7.4GB,C:63.1/166GB,1920x1080,Microsoft Windows 10 专业工作站版(64 位) Build 19045 v10.0.19045,(UTC+08:00) 北京，重庆，香港特别行政区，乌鲁木齐,Integration,unknown
fb_695531adb1404a004c82e27c,pc,vip充错帐号了怎么办,WPS OFFICE,,,,home,12.1.0.24034,20.2706,,FDCE2F1089D34FA4ABD12A72D5F7D357,25d5091f22fd00e732cfd93709f21753,,,,Win32,Win32,,,,,,2025/12/31 22:22,未处理,,0,,,,,zh-CN,D:\LenovoSoftstore\Install\WPSOffice\WPS Office\12.1.0.24034 (1383MB),"11th Gen Intel(R) Core(TM) i5-1135G7 @ 2.40GHz, 2.42GHz, LENOVO LNVNB161216","OrayIddDriver Device, VRAM, Driver v17.1.58.818 NVIDIA GeForce MX450, VRAM, Driver v31.0.15.2656 Intel(R) Iris(R) Xe Graphics, 1024MB VRAM, Driver v30.0.101.1692",rare,DDR4-3200 SDRAM:9.5/15.8GB,"C:100.4/199GB, D:86.5/178GB",1920x1080,Microsoft Windows 11 家庭中文版(64 位) Build 22631 v10.0.22631,(UTC+08:00) 北京，重庆，香港特别行政区，乌鲁木齐,Integration,auto
fb_695531ac26195c0053e7200e,pc,历史会话无法设置成不保存选项，跨设备使用时，存在隐私内容泄露风险,WPS AI,其他问题或建议,,,wps,12.1.0.24034,50.517,,B24526FE20B94F07BA28A81A24AAD4C2,266b824106561431f875416c8006949c,,,,Win32,Win32,,,,,,2025/12/31 22:22,未处理,,0,,,,,zh-CN,E:\WPS Office\12.1.0.24034 (1367MB),"Intel(R) Xeon(R) CPU E5-2697 v2 @ 2.70GHz, 2.70GHz, INTEL X79 INTEL(INTEL Xeon E5/Core i7 DMI2 - C600/C200 Cipset","GameViewer Virtual Display Adapter, VRAM, Driver v17.13.25.697 OrayIddDriver Device, VRAM, Driver v17.1.58.818 NVIDIA GeForce GTX 1060 6GB, VRAM, Driver v32.0.15.7247",DESKTOP-NMDA6F7,DDR3-1866 SDRAM:13.1/31.9GB,"C:74.8/100GB, E:46.6/133GB",1920x1080,Microsoft Windows 10 专业工作站版(64 位) Build 19045 v10.0.19045,(UTC+08:00) 北京，重庆，香港特别行政区，乌鲁木齐,Integration,manual
fb_69552fd23dc417005ae6302b,pc,从国家税务网站上下载的个人纳税清单，PDF文件中国家盖章的签名，你们显示签名无效？？？？？,WPS PDF,,,,wpspdf,12.1.0.24034,20.2706,,631FE8971B624C75A18EB66ADEC6F34E,3ed6ebc1a49ce0b07a46baf03b5fc89e,,,,Win32,Win32,,,,,,2025/12/31 22:14,未处理,,0,,,,,zh-CN,D:\Users\dada2\AppData\Local\Kingsoft\WPS Office\12.1.0.24034 (1400MB),"Intel(R) Core(TM) i5-7400 CPU @ 3.00GHz, 3.00GHz, LENOVO 36C5","Intel(R) HD Graphics 630, 1024MB VRAM, Driver v26.20.100.7925",DESKTOP-90JE77L,DDR4-2400 SDRAM:9.3/15.9GB,"C:104.0/118GB, D:100.4/198GB",1920x1080,Microsoft Windows 10 家庭中文版(64 位) Build 19045 v10.0.19045,(UTC+08:00) 北京，重庆，香港特别行政区，乌鲁木齐,Integration,manual
fb_69552d5ab28a0c004c50be8a,pc,wps文档打不开了,WPS2019,,,,wps,12.1.0.24034,20.2706,,E2974B506C19445690FE052E6EF60127,3897557f141d5f7ddbf4bff48dadee2b,,,,Win32,Win32,,,,,,2025/12/31 22:04,未处理,,0,,,,,zh-CN,,,,,,,,,,,manual
fb_69552d2738041a00537e14fa,pc,手机登陆电脑怎末不显示之前的文件记录,PC端个人中心,,,,wpsoffice,12.1.0.24031,1.1,,D49290B62FB9405FB0BB6FA64EFAB0A3,f26d4acd0e1783a88f494a674910a1e9,,,,Win32,Win32,,,,,,2025/12/31 22:03,未处理,,0,,,,,zh-CN,D:\WPS\WPS Office\12.1.0.24031 (1383MB),"13th Gen Intel(R) Core(TM) i7-1365U, 2.70GHz, Default string Default string","OrayIddDriver Device, VRAM, Driver v17.50.19.949 Intel(R) Iris(R) Xe Graphics, 2048MB VRAM, Driver v32.0.101.7040",DESKTOP-C5B2NNH,DDR4-2667 SDRAM:15.0/31.8GB,"C:100.3/150GB, D:27.6/327GB",1366x768,Microsoft Windows 11 专业版(64 位) Build 26200 v10.0.26200,(UTC+08:00) 北京，重庆，香港特别行政区，乌鲁木齐,Integration,manual
fb_69552ca1118666005a2b1a32,pc,搜客宝找不到,WPS OFFICE,,,,home,12.1.0.24034,50.513,,4F12D234039E483588BEBFF14B240159,49fd7f5469026c5001c6c3b70b9c31fa,,,,Win32,Win32,,,,,,2025/12/31 22:01,未处理,,0,,,,,zh-CN,C:\Users\ASUS\AppData\Local\Kingsoft\WPS Office\12.1.0.24034 (1393MB),"AMD Ryzen 7 5700U with Radeon Graphics         , 1.80GHz, ASUSTeK COMPUTER INC. X515UA","AMD Radeon(TM) Graphics, 512MB VRAM, Driver v30.0.13044.14002",LAPTOP-QK2ATJ31,DDR4-3200 SDRAM:6.4/15.4GB,C:78.3/100GB,1920x1080,Microsoft Windows 10 专业版(64 位) Build 19045 v10.0.19045,(UTC+08:00) 北京，重庆，香港特别行政区，乌鲁木齐,Integration,manual
fb_69552c95d449ec005a1e99c3,pc,wps找客户功能没有,WPS OFFICE,,,,home,12.1.0.24034,50.513,,4F12D234039E483588BEBFF14B240159,49fd7f5469026c5001c6c3b70b9c31fa,,,,Win32,Win32,,,,,,2025/12/31 22:00,未处理,,0,,,,,zh-CN,C:\Users\ASUS\AppData\Local\Kingsoft\WPS Office\12.1.0.24034 (1393MB),"AMD Ryzen 7 5700U with Radeon Graphics         , 1.80GHz, ASUSTeK COMPUTER INC. X515UA","AMD Radeon(TM) Graphics, 512MB VRAM, Driver v30.0.13044.14002",LAPTOP-QK2ATJ31,DDR4-3200 SDRAM:6.4/15.4GB,C:78.3/100GB,1920x1080,Microsoft Windows 10 专业版(64 位) Build 19045 v10.0.19045,(UTC+08:00) 北京，重庆，香港特别行政区，乌鲁木齐,Integration,manual
fb_69552a893dc417005ae63014,pc,半角模式切换不了,PC端个人中心,,,,wpsoffice,12.1.0.22089,50.513,,52FBA37A38DA4FA3B8E274C02B02306D,8686ee8f1928ee7cd86e2fee1ba39a37,,,,Win32,Win32,,,,,,2025/12/31 21:52,未处理,,0,,,,,zh-CN,D:\Program Files (x86)\Kingsoft\WPS Office\12.1.0.22089 (1171MB),"Intel(R) Core(TM) i3-1005G1 CPU @ 1.20GHz, 1.19GHz, Dell Inc. 0RFXWC","Intel(R) UHD Graphics, 1024MB VRAM, Driver v27.20.100.9365",DESKTOP-F14UGUM,DDR4-2667 SDRAM:4.5/7.8GB,"C:73.8/140GB, D:5.9/49GB",1920x1080,Microsoft Windows 10 家庭中文版(64 位) Build 19043 v10.0.19043,(UTC+08:00) 北京，重庆，香港特别行政区，乌鲁木齐,,manual
fb_695529e6e782ad00534b07b2,pc,数据丢失,WPS OFFICE,,,,home,12.1.0.24034,50.513,1767188814028_0.110_ae7fb4685c37,FCA71997EB4D48DEAD9A04F44F8E8B57,2f89a99f31429cac50f0e1694d322b37,,,,Win32,Win32,,,,,,2025/12/31 21:49,未处理,,0,,,,,zh-CN,C:\Users\Administrator\AppData\Local\Kingsoft\WPS Office\12.1.0.24034 (1351MB),"13th Gen Intel(R) Core(TM) i5-13490F, 2.50GHz, Gigabyte Technology Co., Ltd. B760M POWER DDR4","NVIDIA GeForce RTX 4060, VRAM, Driver v32.0.15.6094",WIN-DOB5JDLBGKH,DDR4-2667 SDRAM:10.2/31.8GB,C:136.3/465GB,2560x1440,Microsoft Windows 10 专业版(64 位) Build 19045 v10.0.19045,(UTC+08:00) 北京，重庆，香港特别行政区，乌鲁木齐,Integration,auto
fb_695529d6e782ad00534b07a7,pc,如何压缩文件夹,WPS OFFICE,,,,home,12.1.0.24034,50.524,1767188947629_1.11_3a3e17a301ff,A7247F2CC22945EDB0F18250FB001670,715fc940b847b5ffb5e00b7c879ca913,,,,Win32,Win32,,,,,,2025/12/31 21:49,未处理,,0,,,,,zh-CN,C:\Users\臧书凡\AppData\Local\Kingsoft\WPS Office\12.1.0.24034 (1382MB),"Intel(R) Celeron(R) N5095 @ 2.00GHz, 2.00GHz, AOC 5095-AIO","Intel(R) UHD Graphics, 1024MB VRAM, Driver v31.0.101.1999",DESKTOP-F1DF0SQ,DDR4-2667 SDRAM:7.3/15.8GB,C:65.4/119GB,1920x1080,Microsoft Windows 10 专业版(64 位) Build 19045 v10.0.19045,(UTC+08:00) 北京，重庆，香港特别行政区，乌鲁木齐,Integration,manual
fb_6955297eab7987004cfd4ce0,pc,论文排版怎么没有南京理工大学紫金学院,WPS AI,其他问题或建议,,,wps,12.1.0.24034,50.513,,E5C7EF565B8C43FF9FE49F073C9D4CC4,3af17dd7485b624b3de5a02426e52531,,,,Win32,Win32,,,,,,2025/12/31 21:47,未处理,,0,,,,,zh-CN,D:\Program Files (x86)\Kingsoft\WPS Office\12.1.0.24034 (1437MB),"AMD Ryzen 7 5700X 8-Core Processor             , 3.40GHz, Micro-Star International Co., Ltd. MAG B550M MORTAR MAX WIFI (MS-7C94)","NVIDIA GeForce RTX 4060, VRAM, Driver v32.0.15.9144",DESKTOP-POH9ENM,DDR4-2667 SDRAM:8.0/15.9GB,"C:95.6/199GB, D:210.8/754GB",1920x1080,Microsoft Windows 11 专业版(64 位) Build 26200 v10.0.26200,(UTC+08:00) 北京，重庆，香港特别行政区，乌鲁木齐,Integration,auto
fb_6955269b38041a00537e14d8,pc,转PDF 是需要付费用吗,PC端个人中心,,,,wpsoffice,12.1.0.24657,50.517,,3E2B904692EE4871AA93D98051EC2615,ce11345341f65fa336ace1b21d6446a8,,,,Win32,Win32,,,,,,2025/12/31 21:35,未处理,,0,,,,,zh-CN,E:\Users\nihao\AppData\Local\Kingsoft\WPS Office\12.1.0.24657 (1351MB),"Intel(R) Core(TM) Ultra 7 155H, 3.80GHz, ASUSTeK COMPUTER INC. S5506MA","Intel(R) Arc(TM) Graphics, 2048MB VRAM, Driver v32.0.101.6127",Lily1688,Unknown Memory-7467 SDRAM:19.9/31.5GB,"C:165.2/367GB, E:153.9/292GB",2880x1620,Microsoft Windows 11 家庭中文版(64 位) Build 26100 v10.0.26100,(UTC+08:00) 北京，重庆，香港特别行政区，乌鲁木齐,Integration,manual
fb_6955255d26195c0053e71ff5,pc,文档创建者已通过我的编辑权限，但我仍然无法编辑，表格状态为只读,金山文档｜WPS云文档,,,,pc_home_more,docsWeb,docsWeb,,,,,,,unknown,unknown,,,,,,2025/12/31 21:30,未处理,,1,https://admin-get.wps.cn/api/admin/v1/feedback/ks3_file/userfile/1767187634992/o_1jdq9je0arurmaf4b1osf1oj8n.png,,,,,,,,,,,,,,,
fb_6955255726195c0053e71fef,pc,今天11点半左右有个60分钟左右的WPS的听记，由于断网生成分享网站，但是打开数据空白，请协助找回录音，谢谢 【金山文档 | WPS云文档】 语音_12311017 https://www.kdocs.cn/l/ccSmM0qhzbcwcs.cn/l/ccSmM0qhzbcw,PC端个人中心,,,,wpsoffice,12.1.0.24034,50.517,,3A2228C421E746C391FA1E5EB922F1DB,0235e8f5b5c21308d795255622e41908,,,,Win32,Win32,,,,,,2025/12/31 21:29,未处理,,0,,,,,zh-CN,D:\WPS Office\12.1.0.24034 (1398MB),"AMD Ryzen 5 5600U with Radeon Graphics         , 2.30GHz, HP 8867","AMD Radeon(TM) Graphics, 512MB VRAM, Driver v31.0.21912.2004",严律的PC,DDR4-3200 SDRAM:8.8/15.3GB,"C:96.3/130GB, D:164.0/198GB",1920x1080,Microsoft Windows 10 家庭中文版(64 位) Build 19045 v10.0.19045,(UTC+08:00) 北京，重庆，香港特别行政区，乌鲁木齐,Integration,auto
fb_6955251938041a00537e14cd,pc,我的文档是写作者模式，已经设置了操作就会自动保存，但是我自动保存的数据全都没有了，他这两天完全都没有过进行自动保存,WPS OFFICE,,,,home,12.1.0.24034,12012.2019,1767187738471_0.1_2a3847c5d814,C585902D5E1249CF81A1A2BFBC60941A,773dca0690ce5aa777aa3ee5fe0aa3de,,,,Win32,Win32,,,,,,2025/12/31 21:28,未处理,,0,,,,,zh-CN,E:\WPS Office\12.1.0.24034 (1382MB),"Intel(R) Core(TM) i5-10400F CPU @ 2.90GHz, 2.90GHz, Gigabyte Technology Co., Ltd. H470M K","GameViewer Virtual Display Adapter, VRAM, Driver v17.13.25.697 NVIDIA GeForce RTX 3060, VRAM, Driver v32.0.15.8115",DESKTOP-LDGJOIB,DDR4-2666 SDRAM:12.2/31.9GB,"C:118.7/199GB, E:62.6/754GB",1920x1080,Microsoft Windows 11 专业版(64 位) Build 26200 v10.0.26200,(UTC+08:00) 北京，重庆，香港特别行政区，乌鲁木齐,Integration,auto
fb_6955242a118666005a2b1a17,pc,不能朗读！,WPS云文档,,,,wps,12.1.0.24657,20.2706,,14932DCCB0AF48AD95BC45547BE69365,91eaa8720618846d653fb84b4f42d2f2,,,,Win32,Win32,,,,,,2025/12/31 21:24,未处理,,0,,,,,zh-CN,D:\Program Files (x86)\Kingsoft\WPS Office\12.1.0.24657 (1308MB),"Intel(R) Core(TM) i7-3630QM CPU @ 2.40GHz, 2.40GHz,    ","Intel(R) HD Graphics 4000, VRAM, Driver v10.18.10.4252",PC-202105261515,DDR3-1600 SDRAM:5.4/7.9GB,"C:67.4/80GB, D:101.6/133GB",1920x1080,Microsoft Windows 10 专业版(64 位) Build 19045 v10.0.19045,(UTC+08:00) 北京，重庆，香港特别行政区，乌鲁木齐,Multi-component,auto
fb_695523cf38041a00537e14c2,pc,我的编辑页面怎么变了,WPS OFFICE,,,,home,12.1.0.22525,50.524,1767187402377_65.14_1df4d760bdef,E726DB7B31464D4094F4BB98F813A295,69ed0971fe0433ab8ce976171e8e5d63,,,,Win32,Win32,,,,,,2025/12/31 21:23,未处理,,0,,,,,zh-CN,C:\Users\86157\AppData\Local\Kingsoft\WPS Office\12.1.0.22525 (1305MB),"AMD Ryzen 5 7530U with Radeon Graphics         , 2.00GHz, HP 8B5C","AMD Radeon (TM) Graphics, 512MB VRAM, Driver v31.0.21923.3003",QQ的假电脑,DDR4-3200 SDRAM:7.9/15.3GB,C:175.1/853GB,1920x1080,Microsoft Windows 11 家庭中文版(64 位) Build 26200 v10.0.26200,(UTC+08:00) 北京，重庆，香港特别行政区，乌鲁木齐,,manual
fb_695522e726195c0053e71fdf,pc,会员没到期，为什么不能用了，函数都不能用,PC端个人中心,,,,wpsoffice,12.1.0.24034,50.524,,1C98420638A34E8C8D02407CEF28268B,828ce82d66579da0080facd769094c82,,,,Win32,Win32,,,,,,2025/12/31 21:19,未处理,,0,,,,,zh-CN,C:\Users\Administrator\AppData\Local\Kingsoft\WPS Office\12.1.0.24034 (1382MB),"12th Gen Intel(R) Core(TM) i5-12400F, 2.50GHz, ASUSTeK COMPUTER INC. PRIME H610M-F D4","Radeon RX550/550 Series, VRAM, Driver v31.0.12027.9001",PC-20231227OHBO,DDR4-3200 SDRAM:9.5/15.8GB,C:121.6/199GB,1920x1080,Microsoft Windows 11 专业版(64 位) Build 22631 v10.0.22631,(UTC+08:00) 北京，重庆，香港特别行政区，乌鲁木齐,Integration,manual
fb_69552224616a01005ac792bf,pc,为什么图片功能里的无痕改字功能没有了？,PC端个人中心,,,,wpsoffice,12.1.0.24657,50.517,,FF4B32763E0C43AD928B127B5F956BA4,3b12d63f0c6c4759620a473acac5934c,,,,Win32,Win32,,,,,,2025/12/31 21:16,未处理,,0,,,,,zh-CN,C:\Users\WZ\AppData\Local\Kingsoft\WPS Office\12.1.0.24657 (1309MB),"Intel(R) Core(TM) i7-9750H CPU @ 2.60GHz, 2.60GHz, Razer DA530","NVIDIA GeForce GTX 1660 Ti, VRAM, Driver v31.0.15.4617 Intel(R) UHD Graphics 630, 1024MB VRAM, Driver v26.20.100.7261",DESKTOP-8DD6I22,DDR4-2667 SDRAM:8.2/15.9GB,C:166.8/237GB,1920x1080,Microsoft Windows 10 专业版(64 位) Build 19045 v10.0.19045,(UTC+08:00) 北京，重庆，香港特别行政区，乌鲁木齐,Integration,manual
fb_69551f6dab7987004cfd4ccb,pc,只要点选项按钮就卡住了,WPS OFFICE,,,,home,12.1.0.24034,12012.2019,1767186290117_0.110_da8e625e109b,9CF51C0DE5984ACEB214F8C93210658C,f7db4e7e45128500516a3c5fdd9fa866,,,,Win32,Win32,,,,,,2025/12/31 21:04,未处理,,0,,,,,zh-CN,D:\Program Files (x86)\WPS Office\12.1.0.24034 (1351MB),"Intel(R) Core(TM) i5-10400F CPU @ 2.90GHz, 2.90GHz, Gigabyte Technology Co., Ltd. B460M AORUS ELITE","NVIDIA GeForce GTX 1080 Ti, VRAM, Driver v30.0.14.7212",0U0JAFQC2GU3PEU,DDR4-2400 SDRAM:5.3/15.9GB,"C:133.1/224GB, D:375.9/620GB",3440x1440,Microsoft Windows 10 专业版(64 位) Build 16299 v10.0.16299,(UTC+08:00) 北京，重庆，香港特别行政区，乌鲁木齐,Integration,auto
fb_69551d45616a01005ac7929a,pc,找不到智能工具按钮,WPS OFFICE,,,,home,12.1.0.24034,50.513,1767185638604_21.7_432b75069fa8,2162A528C43747E5BE24C62EEE6E6CED,426fad6b143b40dde323c2b246685720,,,,Win32,Win32,,,,,,2025/12/31 20:55,未处理,,0,,,,,zh-CN,C:\Users\Administrator\AppData\Local\Kingsoft\WPS Office\12.1.0.24034 (1359MB),"AMD Ryzen 3 2200G with Radeon Vega Graphics    , 3.50GHz, LENOVO 3149","AMD Radeon(TM) Vega 8 Graphics, VRAM, Driver v27.20.2001.13001",肿瘤医院总务科胡文杰,DDR4-2666 SDRAM:4.2/5.9GB,C:47.0/79GB,1600x900,Microsoft Windows 11 专业版(64 位) Build 22621 v10.0.22621,(UTC+08:00) 北京，重庆，香港特别行政区，乌鲁木齐,Integration,auto
fb_69551cb612fa9b004c7d675f,pc,为什么不能批量编辑PDF文件,WPS PDF,,,,wpspdf,12.1.0.24657,50.517,,3452AC6AF3F44EC5AC2F6E8F096F1BDA,b46891f503a92b837ec43e30ae7e8adb,,,,Win32,Win32,,,,,,2025/12/31 20:53,未处理,,0,,,,,zh-CN,C:\hyp\WPS Office\12.1.0.24657 (1308MB),"AMD Ryzen 7 7735U with Radeon Graphics         , 2.70GHz, HP 8C79","OrayIddDriver Device, VRAM, Driver v17.1.58.818 AMD Radeon(TM) Graphics, 512MB VRAM, Driver v32.0.11020.21003",飞飞驴的计算机,Unknown Memory-5600 SDRAM:11.7/15.3GB,C:346.8/953GB,2560x1600,Microsoft Windows 11 家庭中文版(64 位) Build 26200 v10.0.26200,(UTC+08:00) 北京，重庆，香港特别行政区，乌鲁木齐,Integration,auto
fb_69551c6a26195c0053e71fb9,pc,批量智能优化、批量应用滤镜的功能不见了，如何添加或找回,WPS OFFICE,,,,home,12.1.0.16120,20.2867,,75EFD79AF3254CDCBCBE71549ADD57F9,e950a7da95240cd2931fbe2f3fa5b862,,,,Win32,Win32,,,,,,2025/12/31 20:51,未处理,,0,,,,,zh-CN,,,,,,,,,,,manual
fb_69551b8f12fa9b004c7d6748,pc,链接附件创建失败,帮助中心,这功能不好用,,,wps,12.1.0.18276,12012.2019,,C5CB59A3600945549F5BC39A4C81AC78,84ab93a5e21356ab1f325173f7a826b6,,,,Win32,Win32,,,,,,2025/12/31 20:48,未处理,,1,https://admin-get.wps.cn/api/admin/v1/feedback/ks3_file/userfile/1767185237196/o_1jdq76cc9c7j1vlqmna1shhok8e.png,,,,zh-CN,C:\Program Files\WPS Office\12.1.0.18276 (1080MB),"12th Gen Intel(R) Core(TM) i5-1235U, 1.30GHz, Dell Inc. 0G9W4H","Intel(R) Iris(R) Xe Graphics, 2048MB VRAM, Driver v32.0.101.7077",Dell_Inspiron,DDR4-3200 SDRAM:10.3/15.7GB,C:122.1/256GB,1920x1080,Microsoft Windows 11 家庭中文版(64 位) Build 26100 v10.0.26100,(UTC+08:00) 北京，重庆，香港特别行政区，乌鲁木齐,,manual
fb_695519bfb28a0c004c50be39,pc,文字内容无法编辑,WPS OFFICE,,,,home,12.1.0.24034,20.2706,1767184383718_1.3_22cd037184eb,1EFDF7FC3BC2465E97154998A3D8922D,e1b7b73a4ac25c3aec9942ba9452ad20,,,,Win32,Win32,,,,,,2025/12/31 20:40,未处理,,0,,,,,zh-CN,C:\Users\Administrator.BF-20251230FONI\AppData\Local\Kingsoft\WPS Office\12.1.0.24034 (1370MB),"Intel(R) Core(TM) i3-4150 CPU @ 3.50GHz, 3.50GHz, INTEL H81","Intel(R) HD Graphics 4400, 1024MB VRAM, Driver v10.18.14.5057",BF-20251230FONI,Unknown Memory-1333 SDRAM:2.2/3.9GB,C:29.3/80GB,1920x1080,Microsoft Windows 7 专业版 (64-bit) Build 7601 v6.1.7601,(UTC+08:00) 北京，重庆，香港特别行政区，乌鲁木齐,Integration,unknown
fb_6955183b26195c0053e71f97,pc,发票管理找不到了,WPS OFFICE,,,,home,11.1.0.14309,50.393,,B87B9AAC97E24F198228EE0505FA9D3A,dac3945ae2d528922accaf5b542f6cc0,,,,Win32,Win32,,,,,,2025/12/31 20:34,未处理,,0,,,,,zh-CN,,,,,,,,,,,manual
fb_6955180ad449ec005a1e998d,pc,为什么我的右键不见出来该服务的图标,PC端个人中心,,,,wpsoffice,12.1.0.24034,50.513,,7D57E99804B6422CAEB3706E47C339C6,5254c66bf57c956da1ee2d30aeb558fc,,,,Win32,Win32,,,,,,2025/12/31 20:33,未处理,,0,,,,,zh-CN,C:\Users\30549\AppData\Local\Kingsoft\WPS Office\12.1.0.24034 (1363MB),"Intel(R) Core(TM) i3-9100 CPU @ 3.60GHz, 3.60GHz, HP 843F","Intel(R) UHD Graphics 630, 1024MB VRAM, Driver v31.0.101.2127",DESKTOP-6DKLBUO,DDR4-2666 SDRAM:7.4/7.8GB,C:229.0/249GB,1920x1080,Microsoft Windows 10 家庭中文版(64 位) Build 19045 v10.0.19045,(UTC+08:00) 北京，重庆，香港特别行政区，乌鲁木齐,Integration,manual
fb_6955168f26195c0053e71f8f,pc,我要删除账号，提示账号存在团队或共享文件夹未退出，点击查看详情显示页面无法打开，就无法退出共享账户，那就陷入了死循环，账号无法删除,PC端个人中心,,,,wps,12.1.0.24034,20.2766,,E7100E39DD6D4478BA7665C87FD9C24A,2fa07e75d170e58b14c2bb81877eab21,,,,Win32,Win32,,,,,,2025/12/31 20:26,未处理,,2,"https://admin-get.wps.cn/api/admin/v1/feedback/ks3_file/userfile/1767183861962/o_1jdq5s1aa1kd24tq1p0pchn1pb5e.png
https://admin-get.wps.cn/api/admin/v1/feedback/ks3_file/userfile/1767183861962/o_1jdq5sbn218aq6ck1fq9n57qi8p.png",,,,zh-CN,C:\Program Files (x86)\WPS Office\12.1.0.24034 (1351MB),"Intel(R) Core(TM) i5-1035G1 CPU @ 1.00GHz, 1.19GHz, LENOVO LNVNB161216","Intel(R) UHD Graphics, 1024MB VRAM, Driver v27.20.100.9664 NVIDIA GeForce MX350, VRAM, Driver v30.0.14.7219",LAPTOP-VS4EMGB3,DDR4-3200 SDRAM:8.3/15.8GB,C:68.4/99GB,1920x1080,Microsoft Windows 11 家庭中文版(64 位) Build 22631 v10.0.22631,(UTC+08:00) 北京，重庆，香港特别行政区，乌鲁木齐,Multi-component,manual
fb_695515652de9f70053172de7,pc,用WPS截屏工具截完屏点保存的时候，它总是默认保存到 C:\Program Files\WPS Office\12.1.0.24034\office6 这个路径上，我想更改这个默认的保存路径，应当怎样更改？,高级截屏,,,,WPS,12.1.0.24034,12012.00002,,,,,,,Win32,Win32,,,,,,2025/12/31 20:21,未处理,,0,,,,,,,,,,,,,,,,
fb_6955152738041a00537e1484,pc,一天卡好多回，怎么回事啊！！！！！！！,WPS OFFICE,,,,home,12.1.0.22175,50.517,1767183654085_31.135_0be69e501760,A51F73D1A3B342D5B61F0537D5746527,fde27512ebb75c8b338b28a989495068,,,,Win32,Win32,,,,,,2025/12/31 20:20,未处理,,0,,,,,zh-CN,D:\软件\WPS Office\WPS Office\12.1.0.22175 (1268MB),"11th Gen Intel(R) Core(TM) i5-11320H @ 3.20GHz, 3.19GHz, TIMI TM2129","Intel(R) Iris(R) Xe Graphics, 1024MB VRAM, Driver v30.0.101.1069",LAPTOP-KCL8OVU7,DDR4-3200 SDRAM:8.2/15.8GB,"C:112.3/146GB, D:113.3/229GB",2560x1600,Microsoft Windows 11 家庭中文版(64 位) Build 26200 v10.0.26200,(UTC+08:00) 北京，重庆，香港特别行政区，乌鲁木齐,,auto
fb_695511a0ab7987004cfd4c93,pc,开始时表格打开显示正常，用一段时间后，表格背景变黑，是怎么回事？,WPS OFFICE,,,,home,12.1.0.24034,50.513,1767182751058_89.50_533a7300a0bb,F0DCB3C85AB3449DADCD45C18BDFEEE7,de272f6e2217926e0da4a2d5eb2605db,,,,Win32,Win32,,,,,,2025/12/31 20:05,未处理,,0,,,,,zh-CN,D:\Program Files (x86)\Kingsoft\WPS Office\12.1.0.24034 (1381MB),"Intel(R) Core(TM) i5-8250U CPU @ 1.60GHz, 1.80GHz, HUAWEI VLT-WX0-PCB","Intel(R) UHD Graphics 620, 1024MB VRAM, Driver v25.20.100.6518",LAPTOP-ILKI7P8H,LPDDR3-2133 SDRAM:4.2/7.9GB,"C:59.5/80GB, D:64.0/147GB",1920x1080,Microsoft Windows 10 家庭中文版(64 位) Build 19045 v10.0.19045,(UTC+08:00) 北京，重庆，香港特别行政区，乌鲁木齐,Integration,manual
fb_6955117e2de9f70053172dcf,pc,太差，刚写完就被结束进程,WPS OFFICE,,,,home,12.1.0.24034,20.3076,1767182718350_5.71_d5c245be34f8,040470FD003C4C2CB84AA460CE14C4D6,d54df3902a37108525d3684f1cf00f70,,,,Win32,Win32,,,,,,2025/12/31 20:05,未处理,,0,,,,,zh-CN,D:\WPS\WPS Office\12.1.0.24034 (1351MB),"11th Gen Intel(R) Core(TM) i5-11400F @ 2.60GHz, 2.59GHz, Gigabyte Technology Co., Ltd. B560M D2VX SI","NVIDIA GeForce GTX 1650, VRAM, Driver v26.21.14.4575",USER-20241008PI,DDR4-2666 SDRAM:8.7/15.9GB,"C:188.4/238GB, D:149.6/310GB",1920x1080,Microsoft Windows 10 专业版(64 位) Build 19043 v10.0.19043,(UTC+08:00) 北京，重庆，香港特别行政区，乌鲁木齐,Integration,manual
fb_69551172ab7987004cfd4c87,pc,突然变成护眼模式  改不过来了,外观设置,,,,wpsoffice,12.1.0.24034,12012.2019,,5C6EB16F14E94CA3BF75FA956E145A2E,8b2a5296c3a7dea798331013e6951c61,,,,Win32,Win32,,,,,,2025/12/31 20:05,未处理,,0,,,,,zh-CN,D:\WPS Office\12.1.0.24034 (1364MB),"Intel(R) Core(TM) i5-10210U CPU @ 1.60GHz, 2.11GHz, HUAWEI NBLB-WAX9N-PCB","Virtual Display Device, VRAM, Driver v1.0.0.9 Intel(R) UHD Graphics, 1024MB VRAM, Driver v27.20.100.8984 NVIDIA GeForce MX250, VRAM, Driver v26.21.14.4112",LAPTOP-F4OJM05G,DDR4-2667 SDRAM:8.3/15.8GB,"C:67.7/80GB, D:208.6/383GB",1920x1080,Microsoft Windows 11 家庭中文版(64 位) Build 22631 v10.0.22631,(UTC+08:00) 北京，重庆，香港特别行政区，乌鲁木齐,Integration,auto
fb_69550f84118666005a2b19ef,pc,无法退出账号,WPS OFFICE,,,,home,12.1.0.24034,12012.2019,1767182212470_26.1_db725dfb7d20,63214C933F2E44C482BEC8C5DE5C9A48,696c0d9ddba7c4c85972ff5f4393dcbe,,,,Win32,Win32,,,,,,2025/12/31 19:56,未处理,,0,,,,,zh-CN,d:\Users\Administrator\AppData\Local\Kingsoft\WPS Office\12.1.0.24034 (1437MB),"Intel(R) Core(TM) i7-4770K CPU @ 3.50GHz, 3.50GHz, Gigabyte Technology Co., Ltd. Z87-D3HP-CF","Intel(R) HD Graphics 4600, 1024MB VRAM, Driver v10.18.15.4279 OrayIddDriver Device, VRAM, Driver v17.50.19.949",MM-202406221049,DDR3-1333 SDRAM:11.1/23.9GB,"C:65.6/119GB, d:31.9/447GB",1920x1080,Microsoft Windows 10 专业版(64 位) Build 19044 v10.0.19044,(UTC+08:00) 北京，重庆，香港特别行政区，乌鲁木齐,Integration,manual
fb_69550f64118666005a2b19e4,pc,桌面弹窗广告,WPS OFFICE,,,,home,12.1.0.24034,12012.2019,1767182179809_190.93_44c7db0fe6de,2E40B577328946E09B66476CB548EA6C,3a438b6d78ca145e9ac0cc5222b02893,,,,Win32,Win32,,,,,,2025/12/31 19:56,未处理,,0,,,,,zh-CN,D:\WPS\WPS Office\12.1.0.24034 (1413MB),"Intel(R) Core(TM) Ultra 9 285H, 2.90GHz, ASUSTeK COMPUTER INC. GU605CW","Intel(R) Arc(TM) 140T GPU (16GB), 2048MB VRAM, Driver v32.0.101.6554 NVIDIA GeForce RTX 5080 Laptop GPU, VRAM, Driver v32.0.15.7290",望江公子的ROG,Unknown Memory-7500 SDRAM:11.9/31.4GB,"C:152.0/273GB, D:46.4/250GB",2560x1440,Microsoft Windows 11 家庭中文版(64 位) Build 26200 v10.0.26200,(UTC+08:00) 北京，重庆，香港特别行政区，乌鲁木齐,Integration,manual
fb_69550e2b2de9f70053172dbd,pc,划词翻译还要会员？,PC端个人中心,,,,wpsoffice,12.1.0.24034,12012.2019,,7C59029880D743219AD0B959A180407A,bf1e46432575df5e0365fb414882085a,,,,Win32,Win32,,,,,,2025/12/31 19:51,未处理,,0,,,,,zh-CN,D:\Zia\WPS Office\WPS Office\12.1.0.24034 (1382MB),"AMD Ryzen 7 4800H with Radeon Graphics         , 2.90GHz, ASUSTeK COMPUTER INC. FA506IV","OrayIddDriver Device, VRAM, Driver v17.1.58.818 AMD Radeon(TM) Graphics, 512MB VRAM, Driver v31.0.12027.6013 NVIDIA GeForce RTX 2060, VRAM, Driver v32.0.15.5597",AZ,DDR4-3200 SDRAM:9.1/15.4GB,"C:116.9/158GB, D:177.6/300GB",1920x1080,Microsoft Windows 11 家庭中文版(64 位) Build 26200 v10.0.26200,(UTC+08:00) 北京，重庆，香港特别行政区，乌鲁木齐,Integration,auto
fb_69550d6dd449ec005a1e995f,pc,请把你垃圾的截图关掉 找又找不到 ，垃圾截图又不好用,WPS OFFICE,,,,home,12.1.0.24034,20.3104,1767181677080_0.139_22878500324c,30E431E19A9B4C449DEDD8953362AE78,6c2fe431740ac8233b235f645faf4a49,,,,Win32,Win32,,,,,,2025/12/31 19:47,未处理,,0,,,,,zh-CN,E:\软件安装位置\WPS Office\12.1.0.24034 (1351MB),"Intel(R) Core(TM) i5-7500 CPU @ 3.40GHz, 3.40GHz, Gigabyte Technology Co., Ltd. B250M-D3V-CF","OrayIddDriver Device, VRAM, Driver v17.50.19.949 NVIDIA GeForce GT 740, 1024MB VRAM, Driver v21.21.13.6936",DESKTOP-N1NVL64,DDR4-2400 SDRAM:11.7/24.0GB,"C:36.4/233GB, E:14.9/932GB",1920x1080,Microsoft Windows 10 企业版(64 位) Build 19045 v10.0.19045,(UTC+08:00) 北京，重庆，香港特别行政区，乌鲁木齐,Integration,manual
fb_69550c53b28a0c004c50be1d,pc,能不能别他妈的在老子的文档上随便标尼玛的红线，老子想不想改、想不想用你这个傻逼ai我自己知道，OK？ 你再他妈的随便在我的文档上标上一些无所叼谓的红线，老子就卸载你这个傻逼软件，码字软件多了去了你知道吗？,WPS AI,其他问题或建议,,,wps,12.1.0.24034,12012.2019,,7B55C13DA9AD48DB8410BCAA3AE9DCC3,7ea3bedef9575e31b1ec62b5eafb95f8,,,,Win32,Win32,,,,,,2025/12/31 19:43,未处理,,0,,,,,zh-CN,D:\WPS Office\12.1.0.24034 (1411MB),"Intel(R) Core(TM) i5-7200U CPU @ 2.50GHz, 2.71GHz, ASUSTeK COMPUTER INC. X456URK","NVIDIA GeForce 930MX, VRAM, Driver v27.21.14.5167 Intel(R) HD Graphics 620, 1024MB VRAM, Driver v26.20.100.7325",PC-201905271429,DDR4-2400 SDRAM:3.6/3.9GB,"C:70.1/73GB, D:30.9/38GB",1366x768,Microsoft Windows 10 专业版(64 位) Build 19045 v10.0.19045,(UTC+08:00) 北京，重庆，香港特别行政区，乌鲁木齐,Integration,manual
fb_69550bd112fa9b004c7d6727,pc,每次开机或重启电脑pdf文件不能最大化显示,WPS PDF,,,,home,12.1.0.24034,12012.2019,,BCDC9115BBD64501B017A552610224EF,6c7c569a63f80123514d79f2cb88d619,,,,Win32,Win32,,,,,,2025/12/31 19:41,未处理,,0,,,,,zh-CN,C:\Users\Administrator\AppData\Local\Kingsoft\WPS Office\12.1.0.24034 (1351MB),"AMD Ryzen 5 4600G with Radeon Graphics, 3.70GHz, IPASON  A520-B","AMD Radeon(TM) Graphics, 512MB VRAM, Driver v31.0.12027.9001",Win-20250514TJB,DDR4-2667 SDRAM:2.5/7.4GB,C:63.1/166GB,1920x1080,Microsoft Windows 10 专业工作站版(64 位) Build 19045 v10.0.19045,(UTC+08:00) 北京，重庆，香港特别行政区，乌鲁木齐,Integration,unknown
fb_6955099238041a00537e1478,pc,AI帮我写不能用了,PC端个人中心,,,,wpsoffice,12.1.0.24034,20.2706,,02720F98058F42AAA1E0C40BEE3F9BE6,027f4d59004c472c6f4485a0ef643740,,,,Win32,Win32,,,,,,2025/12/31 19:31,未处理,,0,,,,,zh-CN,C:\Users\86188\AppData\Local\Kingsoft\WPS Office\12.1.0.24034 (1431MB),"AMD Ryzen 7 5800H with Radeon Graphics         , 3.20GHz, LENOVO LNVNB161216","AMD Radeon(TM) Graphics, 512MB VRAM, Driver v31.0.12044.47003 OrayIddDriver Device, VRAM, Driver v17.1.58.818 NVIDIA GeForce RTX 3050 Ti Laptop GPU, VRAM, Driver v31.0.15.2799",翠果打烂他的嘴,DDR4-3200 SDRAM:11.5/15.4GB,C:156.0/200GB,2560x1440,Microsoft Windows 11 家庭中文版(64 位) Build 26100 v10.0.26100,(UTC+08:00) 北京，重庆，香港特别行政区，乌鲁木齐,Integration,auto
fb_69550973e782ad00534b0778,pc,文档问答不好用,WPS AI,功能无法使用,,,wps,12.1.0.22529,50.513,1767180672573_10.235_d303f143a8a6,815E5C29FAEB41F1B4A00FA0611DA351,e60b96dad0a7ab0dcc0d717e0b3f2a8d,,,,Win32,Win32,,,,,,2025/12/31 19:30,未处理,,0,,,,,zh-CN,C:\Users\Administrator\AppData\Local\Kingsoft\WPS Office\12.1.0.24034 (1366MB),"Intel(R) Core(TM) i5-7500 CPU @ 3.40GHz, 3.40GHz, MSI B250M MORTAR (MS-7A69)","Oray Display Mirror Driver, VRAM, Driver v1.0.1.17485 NVIDIA GeForce GTX 1050 Ti, VRAM, Driver v30.0.14.7304",USER-20170513JL,Unknown Memory-2400 SDRAM:5.9/8.0GB,C:94.7/100GB,1920x1080,Microsoft Windows 7 旗舰版 (64-bit) Build 7601 v6.1.7601,(UTC+08:00) 北京，重庆，香港特别行政区，乌鲁木齐,Integration,auto
fb_69550927ab7987004cfd4c4e,pc,共享表格最高只能2g么 ，能提高么,WPS OFFICE,,,,home,12.1.0.22529,12012.2019,1767180581554_1.15_542fcf449dae,1800BB24C4F34428A0AF01B7AE28D8CD,56866aa0e7a66ff62b11a949ac1b8938,,,,Win32,Win32,,,,,,2025/12/31 19:29,未处理,,0,,,,,zh-CN,D:\WPS\WPS Office\12.1.0.22529 (1351MB),"Intel(R) Core(TM) i5-7400 CPU @ 3.00GHz, 3.00GHz, Colorful Technology And Development Co.,LTD H310M-K","Intel(R) HD Graphics 630, 1024MB VRAM, Driver v31.0.101.2111",User-2025OIUKYO,DDR4-2133 SDRAM:11.0/15.4GB,"C:185.4/200GB, D:11.2/247GB",1920x1080,Microsoft Windows 10 专业版(64 位) Build 19045 v10.0.19045,(UTC+08:00) 北京，重庆，香港特别行政区，乌鲁木齐,,manual
fb_69550873e782ad00534b0772,pc,要关闭访问标签页,WPS OFFICE,,,,home,12.1.0.24034,20.3141,1767180403695_110.97_06dcf534c6f4,ABB122EF8CF6490EB259A18ADC5EEA1F,2e3ad679d07819138c2d43931520d29d,,,,Win32,Win32,,,,,,2025/12/31 19:26,未处理,,0,,,,,zh-CN,D:\360安全浏览器下载\Kingsoft\WPS Office\12.1.0.24034 (1351MB),"Intel(R) Core(TM) i5-10400F CPU @ 2.90GHz, 2.90GHz, ASUSTeK COMPUTER INC. PRIME H510M-F","NVIDIA GeForce GT 730, VRAM, Driver v23.21.13.8831",DY-20220310OZPF,DDR4-2133 SDRAM:5.0/15.9GB,"C:84.5/100GB, D:57.7/123GB",1920x1080,Microsoft Windows 10 教育版(64 位) Build 19044 v10.0.19044,(UTC+08:00) 北京，重庆，香港特别行政区，乌鲁木齐,Integration,manual
fb_6955075426195c0053e71f5b,pc,WPS表格和wind 的VBA插件有点问题，导致WPS表格打开 就闪退。禁用VBA的话，数据又没办法更新,WPS OFFICE,,,,home,12.1.0.24031,51.703,1767180116225_208.1_51a556161fb0,72DF171999C0440BA6E1492FB7A8CA46,c68e3d43a9b094f55e4a64ad8939449a,,,,Win32,Win32,,,,,,2025/12/31 19:21,未处理,,1,https://admin-get.wps.cn/api/admin/v1/feedback/ks3_file/userfile/1767180036393/o_1jdq28v4m1d7u1rjie5l6es1o79e.mp4,,,,zh-CN,C:\Program Files\Kingsoft\WPS Office\12.1.0.24031 (1517MB),"Intel(R) Core(TM) i7-14700KF, 3.40GHz, Micro-Star International Co., Ltd. MPG B760I EDGE WIFI DDR4 (MS-7D40)","NVIDIA GeForce RTX 5060 Ti, VRAM, Driver v32.0.15.7688 OrayIddDriver Device, VRAM, Driver v17.50.19.949",YINGJIE-QI,DDR4-3600 SDRAM:14.4/63.8GB,C:194.6/300GB,2560x1440,Microsoft Windows 11 专业版(64 位) Build 26100 v10.0.26100,(UTC+08:00) 北京，重庆，香港特别行政区，乌鲁木齐,Integration,auto
fb_6955070238041a00537e1471,pc,为什么我是大会员，在手机上使用超级会员功能时无法使用,WPS OFFICE,,,,home,12.1.0.24034,50.524,1767180035222_23.236_fda53463212b,4EDE7FF085654CD7A4E00510C3A0146C,bc02d2ed4ceee6ab76f68014842f71e9,,,,Win32,Win32,,,,,,2025/12/31 19:20,未处理,,0,,,,,zh-CN,C:\Users\win\AppData\Local\Kingsoft\WPS Office\12.1.0.24034 (1398MB),"Intel(R) Core(TM) i5-8500B CPU @ 3.00GHz, 3.00GHz, Apple Inc. Mac-7BA5B2DFE22DDD8C","Intel(R) UHD Graphics 630, 1024MB VRAM, Driver v31.0.101.2111",DESKTOP-FRE918L,DDR4-2667 SDRAM:12.3/31.8GB,C:206.6/465GB,2560x1440,Microsoft Windows 10 专业版(64 位) Build 19045 v10.0.19045,(UTC+08:00) 北京，重庆，香港特别行政区，乌鲁木齐,Integration,auto
fb_695506f226195c0053e71f55,pc,这个软件太流氓了，windows 10按alt+shift+ctrl+，会自动启动？？？？怎么弄都删除不掉，！！！！卸载,WPS OFFICE,,,,home,12.1.0.24034,50.513,1767180018897_0.9_712a5c78bcda,DA5895E71D7A4DCDB30C69A9A20DF722,4eaab5bc459d1fbf5228ebf41e035d37,,,,Win32,Win32,,,,,,2025/12/31 19:20,未处理,,0,,,,,zh-CN,C:\Users\SONG--SH\AppData\Local\Kingsoft\WPS Office\12.1.0.24034 (1366MB),"Intel(R) Core(TM) i7-8700 CPU @ 3.20GHz, 3.19GHz, ASUSTeK COMPUTER INC. B360M-BASALT","NVIDIA GeForce GTX 1660, VRAM, Driver v32.0.15.6094",DESKTOP-6TG7H74,DDR4-2666 SDRAM:4.9/15.9GB,C:153.6/223GB,2560x1440,Microsoft Windows 10 教育版(64 位) Build 18363 v10.0.18363,(UTC+08:00) 北京，重庆，香港特别行政区，乌鲁木齐,Integration,unknown
fb_6955066fb28a0c004c50be06,pc,不要预览，经常无法复制,预览窗格,,,,wpsPreviewpane,12.1.0.24034,12012.2019,,BE838EB0C0BC49C591BB97E9FEB91C31,7788cfeddf30731bf9f019b967366e46,,,,Win32,Win32,,,,,,2025/12/31 19:18,未处理,,0,,,,,zh-CN,C:\Users\LENOVO\AppData\Local\Kingsoft\WPS Office\12.1.0.24034 (1383MB),"Intel(R) Core(TM) 5 220H, 2.70GHz, LENOVO LNVNB161216","Intel(R) Graphics, 2048MB VRAM, Driver v32.0.101.7076",水源,Unknown Memory-5600 SDRAM:7.5/15.6GB,C:60.6/300GB,1920x1200,Microsoft Windows 10 专业版(64 位) Build 19045 v10.0.19045,(UTC+08:00) 北京，重庆，香港特别行政区，乌鲁木齐,Integration,auto
fb_695505ec26195c0053e71f4e,pc,校对总是显示网络错误,PC端个人中心,,,,wpsoffice,12.1.0.24034,19.552,,B9DCAEC43BA746D29AB05FE9FD8FFB5B,74f1574727a1e45d68fdaf7817b8829d,,,,Win32,Win32,,,,,,2025/12/31 19:15,未处理,,1,https://admin-get.wps.cn/api/admin/v1/feedback/ks3_file/userfile/1767179730540/o_1jdq1srcfsojujv4fha7f18fie.png,,,,zh-CN,D:\Users\LENOVO\AppData\Local\Kingsoft\WPS Office\12.1.0.24034 (1395MB),"13th Gen Intel(R) Core(TM) i5-13400, 2.50GHz, LENOVO 333B","Intel(R) UHD Graphics 730, 2048MB VRAM, Driver v32.0.101.6129",DESKTOP-ICKTV1O,DDR4-3200 SDRAM:13.6/15.7GB,"C:246.7/475GB, D:7.2/332GB",1920x1080,Microsoft Windows 11 家庭中文版(64 位) Build 26100 v10.0.26100,(UTC+08:00) 北京，重庆，香港特别行政区，乌鲁木齐,Integration,manual
fb_695504262de9f70053172d83,pc,不能使用复制,PC端个人中心,,,,wpsoffice,12.1.0.24034,12012.2019,,74E73BE67ABB4F0A8C72D6672A3263EA,fbb34f43f08039ddc0f99874542a70ff,,,,Win32,Win32,,,,,,2025/12/31 19:08,未处理,,0,,,,,zh-CN,d:\Users\HP\AppData\Local\Kingsoft\WPS Office\12.1.0.24034 (1382MB),"AMD Ryzen 7 5700U with Radeon Graphics         , 1.80GHz, HP 887A","AMD Radeon(TM) Graphics, 512MB VRAM, Driver v27.20.15002.118",DESKTOP-TG4THAK,DDR4-3200 SDRAM:5.4/15.3GB,"C:74.1/195GB, d:30.4/144GB",1920x1080,Microsoft Windows 10 家庭版(64 位) Build 19045 v10.0.19045,(UTC+08:00) 北京，重庆，香港特别行政区，乌鲁木齐,Integration,manual
fb_695503deb28a0c004c50bdfa,pc,为什么我的资料全部会突然被删除!!!!!!!!!我开会员的目的是什么????我的重要资料呢,PC端个人中心,,,,wpsoffice,12.1.0.20305,50.513,,6E8B7B1322CD472490C34D5CE16F9366,d62c4c04bb6898e7a1b584cce92ffc9f,,,,Win32,Win32,,,,,,2025/12/31 19:07,未处理,,0,,,,,zh-CN,C:\Users\11322\AppData\Local\Kingsoft\WPS Office\12.1.0.20305 (1213MB),"12th Gen Intel(R) Core(TM) i5-12450H, 2.00GHz, HUAWEI MDF-XX-PCB","GameViewer Virtual Display Adapter, VRAM, Driver v17.13.25.697 Intel(R) UHD Graphics, 1024MB VRAM, Driver v31.0.101.4502",LAPTOP-VN814TTE,LPDDR4-4267 SDRAM:13.9/15.7GB,C:130.3/200GB,1920x1200,Microsoft Windows 11 家庭中文版(64 位) Build 22631 v10.0.22631,(UTC+08:00) 北京，重庆，香港特别行政区，乌鲁木齐,,manual
fb_6955035bab7987004cfd4c2e,pc,你妈了个比阿 后台怎么退不掉，老是把JPG文件占用，导致老子复制也不行粘贴也不行，你麻痹的阿 后台结束了 几秒钟就自动重启 重启你老妈阿？,PC端个人中心,,,,wpsoffice,12.1.0.24034,12012.2019,,EC158F43F3AA412788AC0A97BE007696,0dd9f87b493ca8c8cbe3ae67ddd3a235,,,,Win32,Win32,,,,,,2025/12/31 19:04,未处理,,0,,,,,zh-CN,C:\Program Files (x86)\WPS Office\12.1.0.24034 (1351MB),"Intel(R) Core(TM) 5 210H, 2.20GHz, XIAOMI TM2419","OrayIddDriver Device, VRAM, Driver v17.1.58.818 Sharing Monitor, VRAM, Driver v11.28.49.440 Intel(R) Graphics, 2048MB VRAM, Driver v32.0.101.6078",LAPTOP-9FUM0I63,Unknown Memory-8600 SDRAM:10.8/15.7GB,C:118.7/195GB,1920x1200,Microsoft Windows 11 家庭中文版(64 位) Build 26200 v10.0.26200,(UTC+08:00) 北京，重庆，香港特别行政区，乌鲁木齐,Integration,auto
fb_6955031dab7987004cfd4c23,pc,换网络看不到应用市场的内容，我的应用里最近使用是空的，是什么原因？请在2026年1月1日10点前回复解决方案。,PC端个人中心,,,,wpsoffice,12.1.0.24034,12012.2019,,D7B12F5F196E4E4BB6D572288A1D0AC4,f654e3f35abf07135868b6bddcc04a7b,,,,Win32,Win32,,,,,,2025/12/31 19:03,未处理,,0,,,,,zh-CN,C:\Users\Administrator\AppData\Local\Kingsoft\WPS Office\12.1.0.24034 (1351MB),"Intel(R) Core(TM) i5-4210U CPU @ 1.70GHz, 2.40GHz, ASUSTeK COMPUTER INC. X555LP","Intel(R) HD Graphics Family, 1024MB VRAM, Driver v20.19.15.4531 AMD Radeon (TM) R5 M230, 1024MB VRAM, Driver v15.200.1055.0",DESKTOP-2023AXI,DDR3-1600 SDRAM:4.8/7.9GB,C:76.0/80GB,1366x768,Microsoft Windows 10 专业版(64 位) Build 19043 v10.0.19043,(UTC+08:00) 北京，重庆，香港特别行政区，乌鲁木齐,Integration,auto
fb_695502d62de9f70053172d77,pc,别人在其他设备上登录我的账号，把我的云文档里很多重要文件彻底删除了，回收站也清空了，现在无法找回，有没有办法恢复,WPS OFFICE,,,,home,12.1.0.24034,12012.2019,1767178965983_10.2_9add6ca659ba,8739111FB10F49BEB9D00424F818FA2D,d3feea8668c923e8f85462e8999e6ab8,,,,Win32,Win32,,,,,,2025/12/31 19:02,未处理,,0,,,,,zh-CN,D:\Users\HONOR\AppData\Local\Kingsoft\WPS Office\12.1.0.24034 (1367MB),"Intel(R) Core(TM) Ultra 5 125H, 4.50GHz, HONOR MRA-XXX-PCB","Honor Virtual Display Device, VRAM, Driver v1.0.23.3 Intel(R) Arc(TM) Graphics, 2048MB VRAM, Driver v32.0.101.5763",LAPTOP-D5D8RB8Q,Unknown Memory-8533 SDRAM:14.2/31.5GB,"C:145.5/300GB, D:3.9/313GB",3120x2080,Microsoft Windows 11 家庭中文版(64 位) Build 26100 v10.0.26100,(UTC+08:00) 北京，重庆，香港特别行政区，乌鲁木齐,Integration,auto
fb_69550163118666005a2b19b7,pc,插入页码没有自动号码机格式的。希望增加一下。,PDF表格编辑,__default,其他问题,,wpsoffice,12.1.0.18608,50.513,,EF584714A47F48DEAE5E69C7B02695EA,54c428aaaa9b3d9d02c39e7a91f5b766,,,,Win32,Win32,,,,,,2025/12/31 18:56,未处理,,0,,,,,zh-CN,D:\WPS\WPS Office\12.1.0.18608 (1140MB),"Intel(R) Core(TM) i7-7700HQ CPU @ 2.80GHz, 2.80GHz, Dell Inc. 01HPWC","NVIDIA GeForce GTX 1050, VRAM, Driver v23.21.13.9135 Intel(R) HD Graphics 630, 1024MB VRAM, Driver v27.20.100.9664",songhongchuan,DDR4-2400 SDRAM:6.5/7.9GB,"C:68.1/119GB, D:49.9/98GB",1920x1080,Microsoft Windows 10 专业版(64 位) Build 19045 v10.0.19045,(UTC+08:00) 北京，重庆，香港特别行政区，乌鲁木齐,,manual
fb_695500d9e782ad00534b0747,pc,你们的软件要不要这么垃圾，删页面删不掉，好不容易删掉了原先竖版的页面全都变横板了，再改回竖版页面原先的格式都变了。,PC端个人中心,,,,wpsoffice,12.1.0.24034,12012.2019,,C8AB1333E23446FCA2186CF0A8B5844D,5e4e8211243ebf3861131aa4cd580d1b,,,,Win32,Win32,,,,,,2025/12/31 18:54,未处理,,0,,,,,zh-CN,D:\Program Files (x86)\WPS Office\12.1.0.24034 (1382MB),"12th Gen Intel(R) Core(TM) i7-12800HX, 2.00GHz, MECHREVO GM6AR57C","Intel(R) UHD Graphics, 128MB VRAM, Driver v31.0.101.5445 NVIDIA GeForce RTX 4070 Laptop GPU, VRAM, Driver v32.0.15.8180",设备,Unknown Memory-5600 SDRAM:11.3/15.7GB,"C:142.3/199GB, D:565.2/753GB",2560x1600,Microsoft Windows 11 家庭中文版(64 位) Build 26200 v10.0.26200,(UTC+08:00) 北京，重庆，香港特别行政区，乌鲁木齐,Integration,manual
fb_695500cf26195c0053e71f31,pc,用wps打开从人社局下载的社保证明文件后，显示签名无效。   文件不存在损坏情况。,WPS PDF,,,,wpspdf,12.1.0.24657,50.517,,887644AC6BEA4A00AC525A56DC4BA98B,67561a18dae2c7aca62607331faf0250,,,,Win32,Win32,,,,,,2025/12/31 18:54,未处理,,1,https://admin-get.wps.cn/api/admin/v1/feedback/ks3_file/userfile/1767178293678/o_1jdq0lq8715tq14cu35gl4pe0ce.png,,,,zh-CN,C:\Users\Administrator\AppData\Local\Kingsoft\WPS Office\12.1.0.24657 (1309MB),"Intel(R) Core(TM) i5-5200U CPU @ 2.20GHz, 2.20GHz, LENOVO 20DFA086CD","Intel(R) HD Graphics 5500, 1024MB VRAM, Driver v20.19.15.4568 AMD Radeon R7 M265 Series, VRAM, Driver v27.20.1034.6",XTZJ-20230925DJ,DDR3-1600 SDRAM:5.9/7.7GB,C:62.4/99GB,1366x768,Microsoft Windows 10 专业版(64 位) Build 19045 v10.0.19045,(UTC+08:00) 北京，重庆，香港特别行政区，乌鲁木齐,Integration,auto
fb_695500aab1404a004c82e1e2,pc,请问：本应用软件如何打开.TXT文档？,WPS OFFICE,,,,home,12.1.0.24034,50.517,1767178412392_0.106_f916955abc9a,AEC5D2AFFFAD42849ED3F962B9A8F694,b12119d569f048f6af7f60a80db60cf2,,,,Win32,Win32,,,,,,2025/12/31 18:53,未处理,,0,,,,,zh-CN,C:\Users\owner\AppData\Local\Kingsoft\WPS Office\12.1.0.24034 (1382MB),"AMD A4-7210 APU with AMD Radeon R3 Graphics    , 1.80GHz, LENOVO Lenovo B41-35","AMD Radeon(TM) R3 Graphics, 1024MB VRAM, Driver v16.300.2001.0 AMD Radeon(TM) R5 M330, VRAM, Driver v16.300.2001.0",DESKTOP-91R700J,DDR3-800 SDRAM:4.7/11.0GB,C:58.2/100GB,1366x768,Microsoft Windows 10 家庭版(64 位) Build 19045 v10.0.19045,(UTC+08:00) 北京，重庆，香港特别行政区，乌鲁木齐,Integration,auto
fb_695500423dc417005ae62fba,pc,AI续写无法使用,WPS AI,功能无法使用,,,wpsoffice,12.1.0.24034,20.2706,1767178305037_0.191_058a73745a42,32064F2E81A44B8FA37969DC2185346C,2d036936b33b6677fb536e802d4763c4,,,,Win32,Win32,,,,,,2025/12/31 18:51,未处理,,0,,,,,zh-CN,C:\Users\79663\AppData\Local\Kingsoft\WPS Office\12.1.0.24034 (1385MB),"13th Gen Intel(R) Core(TM) i5-13500H, 2.60GHz, LENOVO LNVNB161216","GameViewer Virtual Display Adapter, VRAM, Driver v17.13.25.697 NVIDIA GeForce RTX 4050 Laptop GPU, VRAM, Driver v32.0.15.6626",大维,Unknown Memory-5600 SDRAM:7.8/15.8GB,C:142.1/200GB,3200x2000,Microsoft Windows 11 家庭中文版(64 位) Build 26200 v10.0.26200,(UTC+08:00) 北京，重庆，香港特别行政区，乌鲁木齐,Integration,auto
fb_69550037d449ec005a1e9948,pc,退出wps时卡死,WPS OFFICE,,,,home,12.1.0.24034,12012.2019,1767178295872_5.8_a4fa7e33ad5b,16BA8BE37E7242C69525C8AED5C78FE0,9685b342d842d18cef32beef73cb5f22,,,,Win32,Win32,,,,,,2025/12/31 18:51,未处理,,0,,,,,zh-CN,C:\Users\MSI-NB\AppData\Local\Kingsoft\WPS Office\12.1.0.24034 (1426MB),"Intel(R) Core(TM) i7-10870H CPU @ 2.20GHz, 2.21GHz, Micro-Star International Co., Ltd. MS-17K2","OrayIddDriver Device, VRAM, Driver v17.1.58.818 NVIDIA GeForce RTX 3070 Laptop GPU, VRAM, Driver v32.0.15.6590",MSI,DDR4-3200 SDRAM:9.3/31.9GB,C:446.5/466GB,1920x1080,Microsoft Windows 10 家庭中文版(64 位) Build 19045 v10.0.19045,(UTC+08:00) 北京，重庆，香港特别行政区，乌鲁木齐,Integration,manual
fb_6954ff6d118666005a2b19b1,pc,我忘记了我文件的密码,WPS OFFICE,,,,home,12.1.0.24034,12012.2019,1767178093660_32.73_901f030ef1fc,B049EF5A5E744B0EA093495EC7EA4B2A,16ee97c64503a0cef901ee1c08c8c56d,,,,Win32,Win32,,,,,,2025/12/31 18:48,未处理,,0,,,,,zh-CN,C:\Users\407487\AppData\Local\Kingsoft\WPS Office\12.1.0.24034 (1395MB),"12th Gen Intel(R) Core(TM) i5-12500H, 2.50GHz, LENOVO LNVNB161216","Intel(R) Iris(R) Xe Graphics, 1024MB VRAM, Driver v31.0.101.4502",TAL-407487,Unknown Memory-6400 SDRAM:11.5/15.7GB,C:100.0/476GB,2880x1800,Microsoft Windows 10 企业版(64 位) Build 19045 v10.0.19045,(UTC+08:00) 北京，重庆，香港特别行政区，乌鲁木齐,Integration,auto
fb_6954fecf3dc417005ae62fad,pc,使用多维表单【自定义打印】功能，常见问题回复说客户端执行打印会走下载流程，但是我需要打印非常频繁，每次都下载再打开操作繁琐。如何能实现在线打印？,PC端个人中心,,,,wpsoffice,12.1.0.24034,12012.2019,,6CF7DEA6655D4F3C907B49A70CF5CF13,3b4979db2431cbc551e5a559a8ed6a28,,,,Win32,Win32,,,,,,2025/12/31 18:45,未处理,,2,"https://admin-get.wps.cn/api/admin/v1/feedback/ks3_file/userfile/1767177566550/o_1jdq06ar31u3e1a991115n831ilqe.png
https://admin-get.wps.cn/api/admin/v1/feedback/ks3_file/userfile/1767177566550/o_1jdq06cteqcbqbtof21svgvgp.png",,,,zh-CN,E:\WPS\WPS Office\12.1.0.24034 (1295MB),"11th Gen Intel(R) Core(TM) i5-11500 @ 2.70GHz, 2.71GHz, LENOVO 31B4","OrayIddDriver Device, VRAM, Driver v17.50.19.949 Intel(R) UHD Graphics 750, 2048MB VRAM, Driver v32.0.101.7079",DESKTOP-KRJ6LDH,DDR4-3200/DDR4-2667 SDRAM:10.2/15.7GB,"C:81.2/118GB, E:24.5/342GB",1920x1080,Microsoft Windows 11 专业版(64 位) Build 26100 v10.0.26100,(UTC+08:00) 北京，重庆，香港特别行政区，乌鲁木齐,Integration,auto
fb_6954fddeb1404a004c82e1dc,pc,为什么图片另存为以后 图片只能显示半截,PC端个人中心,,,,wpsoffice,12.1.0.24034,50.513,,82EF982BC8F04254822015BC9EEF236B,d3129424befc15fa15d89b79a97e0d09,,,,Win32,Win32,,,,,,2025/12/31 18:41,未处理,,0,,,,,zh-CN,C:\Program Files (x86)\Kingsoft\WPS Office\12.1.0.24034 (1351MB),"12th Gen Intel(R) Core(TM) i5-1235U, 1.30GHz, HP 896D","OrayIddDriver Device, VRAM, Driver v17.1.58.818 Intel(R) Iris(R) Xe Graphics, 1024MB VRAM, Driver v31.0.101.4575",DESKTOP-D5NK04J,Unknown Memory-4800 SDRAM:5.8/15.6GB,C:265.9/477GB,1920x1200,Microsoft Windows 11 企业版(64 位) Build 22631 v10.0.22631,(UTC+08:00) 北京，重庆，香港特别行政区，乌鲁木齐,Integration,auto
fb_6954fdcbe782ad00534b0740,pc,文件内如无法编辑，字符限制无法收入完全,WPS PDF,,,,wpspdf,12.1.0.24031,12012.2019,,CA0F3264D6FC43AD85ADF2A517E13B1D,44abb149d572b5daf8a070b7dbb99d52,,,,Win32,Win32,,,,,,2025/12/31 18:41,未处理,,1,https://admin-get.wps.cn/api/admin/v1/feedback/ks3_file/userfile/1767177618853/o_1jdpvuagd1ppq1mu4ore1e4512rfe.pdf,,,,zh-CN,d:\Users\Administrator\AppData\Local\Kingsoft\WPS Office\12.1.0.24031 (1384MB),"12th Gen Intel(R) Core(TM) i3-12100, 3.30GHz, Gigabyte Technology Co., Ltd. H610M K DDR4","OrayIddDriver Device, VRAM, Driver v17.1.58.818 Intel(R) UHD Graphics 730, 128MB VRAM, Driver v31.0.101.5522",SKY-20240724GAH,DDR4-2133 SDRAM:6.3/15.8GB,"C:66.5/300GB, d:74.2/316GB",1920x1080,Microsoft Windows 10 专业版(64 位) Build 19045 v10.0.19045,(UTC+08:00) 北京，重庆，香港特别行政区，乌鲁木齐,Integration,auto
fb_6954fdb5118666005a2b19a0,pc,不同设备登录同一个wps会员，如何相互私密,WPS OFFICE,,,,home,12.1.0.24034,50.513,1767177653256_12.255_95fab4c3c801,C3BA93279EE14B17970C826858F40939,1470422f64cf2bfb45fa5b9682534b13,,,,Win32,Win32,,,,,,2025/12/31 18:40,未处理,,0,,,,,zh-CN,D:\Program Files (x86)\Kingsoft\WPS Office\12.1.0.24034 (1351MB),"Intel(R) Core(TM) i5-9400F CPU @ 2.90GHz, 2.90GHz, ASUSTeK COMPUTER INC. PRIME B360M-K","OrayIddDriver Device, VRAM, Driver v17.50.19.949 NVIDIA GeForce GTX 1660, VRAM, Driver v30.0.14.7212",PC-20250916QYQB,DDR4-2666 SDRAM:11.8/31.9GB,"C:40.3/220GB, D:30.0/342GB",1920x1080,Microsoft Windows 10 专业版(64 位) Build 19045 v10.0.19045,(UTC+08:00) 北京，重庆，香港特别行政区，乌鲁木齐,Integration,auto
fb_6954fdad118666005a2b199a,pc,cnm的ai 关闭也关不了 狗日的求伯君,WPS AI,其他问题或建议,,,wps,12.1.0.24034,50.513,1767177654700_1.3_beffb6e735ef,C6305DD9803B40A298123F238763244B,44273377ef4548d48c0123688025c75f,,,,Win32,Win32,,,,,,2025/12/31 18:40,未处理,,0,,,,,zh-CN,D:\Program Files (x86)\Kingsoft\WPS Office\12.1.0.24034 (1351MB),"Intel(R) Core(TM) i5-7400 CPU @ 3.00GHz, 3.00GHz, ASUSTeK COMPUTER INC. PRIME H310M-F R2.0","Intel(R) HD Graphics 630, 1024MB VRAM, Driver v21.20.16.5164",PC-20220314QEBE,Unknown Memory-2400 SDRAM:8.0/15.9GB,"C:54.0/119GB, D:36.3/310GB",1920x1080,Microsoft Windows 7 旗舰版 (64-bit) Build 7601 v6.1.7601,(UTC+08:00) 北京，重庆，香港特别行政区，乌鲁木齐,Integration,manual
fb_6954fcf3118666005a2b1980,pc,如图所示结合文字 麻烦告知解决方法,WPS OFFICE,,,,home,12.1.0.24034,12012.2019,1767177459136_1.173_9bb5fedb5e88,31A5D320B7784F0DA9FED8A48AA320F5,098b980fb6288802e12888aa03a64956,,,,Win32,Win32,,,,,,2025/12/31 18:37,未处理,,1,https://admin-get.wps.cn/api/admin/v1/feedback/ks3_file/userfile/1767177230941/o_1jdpvnh1lecb9v77chld1p4me.png,,,,zh-CN,C:\Program Files (x86)\Kingsoft Office Software\WPS Office\12.1.0.24034 (1370MB),"Intel(R) Core(TM) i5-14500, 2.60GHz, HP 8B3C","Intel(R) UHD Graphics 770, 2048MB VRAM, Driver v32.0.101.7077",zz,DDR4-3200 SDRAM:11.2/15.7GB,C:142.5/953GB,1920x1080,Microsoft Windows 11 家庭中文版(64 位) Build 26100 v10.0.26100,(UTC+08:00) 北京，重庆，香港特别行政区，乌鲁木齐,Integration,auto
fb_6954fcdc118666005a2b197a,pc,WPS提示内存不足，但是云盘内存很大呀，是什么情况？表格都打不开,PC端个人中心,,,,wpsoffice,12.1.0.24034,50.517,,F93DCF42E61A485BA051781A11BBBE80,1d8c8175dcc37e5005adb7abb350feeb,,,,Win32,Win32,,,,,,2025/12/31 18:37,未处理,,0,,,,,zh-CN,E:\WPS Office\WPS Office\12.1.0.24034 (1381MB),"Intel(R) Core(TM) i5-7200U CPU @ 2.50GHz, 2.70GHz, Dell Inc. 0HG2TP","OrayIddDriver Device, VRAM, Driver v17.1.58.818 Intel(R) HD Graphics 620, 1024MB VRAM, Driver v27.20.100.9664",DESKTOP-JHIKE8F,DDR4-2400 SDRAM:7.2/7.9GB,"C:92.8/115GB, E:20.6/62GB",1920x1080,Microsoft Windows 10 企业版(64 位) Build 19045 v10.0.19045,(UTC+08:00) 北京，重庆，香港特别行政区，乌鲁木齐,Integration,manual
fb_6954fb97ab7987004cfd4c01,pc,备份重现过程中出现了错误一些备份内容可能已丢失，帮我找回！！！太重要了,PC端个人中心,,,,wpsoffice,12.1.0.23542,20.2706,,421EBCF0846248BB9F73B85637716E57,8134466f240ddcbf1554351309e6f1a2,,,,Win32,Win32,,,,,,2025/12/31 18:31,未处理,,0,,,,,zh-CN,D:\WPS Office\12.1.0.23542 (1405MB),"13th Gen Intel(R) Core(TM) i7-13650HX, 2.60GHz, LENOVO LNVNB161216","NVIDIA GeForce RTX 4060 Laptop GPU, VRAM, Driver v32.0.15.6094 Intel(R) UHD Graphics, 2048MB VRAM, Driver v32.0.101.6881",JH,Unknown Memory-4800 SDRAM:10.5/23.7GB,"C:176.3/300GB, D:129.1/175GB",1920x1080,Microsoft Windows 11 家庭中文版(64 位) Build 26200 v10.0.26200,(UTC+08:00) 北京，重庆，香港特别行政区，乌鲁木齐,Integration,manual
fb_6954fa713dc417005ae62f9b,pc,为什么只能首次注音，后面的文字，都要逐个注音，什么破功能,拼音指南,,,,WPS,12.1.0.22529,20.2996,1767176893247_0.105_8bc7719e4c80,DD45837E9D1B49919CDE0CD8E1172779,a6fc1488916a29ef6ba8be3a33dcc370,,,,Win32,Win32,,,,,,2025/12/31 18:26,未处理,,0,,,,,zh-CN,,,,,,,,,,,manual
fb_6954f69412fa9b004c7d66ee,pc,visio文件打不开,PC端个人中心,,,,wpsoffice,12.1.0.18912,1.1,,AF02CEE5414949E78A8EBFA07AE1EB1A,828259db8ebcfb0a6a8ea1b5d5d90213,,,,Win32,Win32,,,,,,2025/12/31 18:10,未处理,,0,,,,,zh-CN,C:\Program Files (x86)\WPS Office\12.1.0.18912 (1177MB),"Intel(R) Core(TM) Ultra 7 155H, 3.80GHz, HUAWEI VGHH-XX-PCB","Intel(R) Arc(TM) Graphics, 128MB VRAM, Driver v31.0.101.5382 VirtualMonitorDriver Device, VRAM, Driver v19.35.16.541",LAPTOP-8T0FMICC,Unknown Memory-7467 SDRAM:12.9/15.5GB,C:135.5/200GB,3120x2080,Microsoft Windows 11 家庭中文版(64 位) Build 26100 v10.0.26100,(UTC+08:00) 北京，重庆，香港特别行政区，乌鲁木齐,,manual
fb_6954f5d0e782ad00534b071c,pc,为什么会显示这个,PC端个人中心,,,,wpsoffice,12.1.0.24034,12012.2019,,2C08616022734EC08E90DFFE58C79649,5ba390607014293a6eb6d614ac1489b4,,,,Win32,Win32,,,,,,2025/12/31 18:07,未处理,,1,https://admin-get.wps.cn/api/admin/v1/feedback/ks3_file/userfile/1767175619695/o_1jdpu0a70oir197ct51k8b1pkqe.png,,,,zh-CN,C:\Users\Administrator\AppData\Local\Kingsoft\WPS Office\12.1.0.24034 (1351MB),"Intel(R) Xeon(R) CPU E5-2667 v4 @ 3.20GHz, 3.20GHz, Dell Inc. 0HHV7N","OrayIddDriver Device, VRAM, Driver v17.50.19.949 NVIDIA Quadro K4000, VRAM, Driver v10.18.13.5330",gzj03,DDR4-2133 SDRAM:9.2/31.9GB,C:190.6/349GB,1920x1080,Microsoft Windows 10 专业版(64 位) Build 19045 v10.0.19045,(UTC+08:00) 北京，重庆，香港特别行政区，乌鲁木齐,Integration,auto
fb_6954f5412de9f70053172d4c,pc,为什么wps不能引用保护区域，保护区域有权限也不能引用？,WPS OFFICE,,,,home,12.1.0.24034,20.3106,,A74EE5D041FE4E51BBFE18B03A1CEBA6,77e92ee8f445ba10b643e9b336545040,,,,Win32,Win32,,,,,,2025/12/31 18:04,未处理,,0,,,,,zh-CN,C:\Users\Administrator.DESKTOP-L4G7MFI\AppData\Local\Kingsoft\WPS Office\12.1.0.24034 (1432MB),"12th Gen Intel(R) Core(TM) i3-12100, 3.30GHz, Micro-Star International Co., Ltd. PRO H610M-S DDR4 (MS-7E44)","OrayIddDriver Device, VRAM, Driver v17.1.58.818 Intel(R) UHD Graphics 730, 2048MB VRAM, Driver v32.0.101.7040",DESKTOP-L4G7MFI,DDR4-3200 SDRAM:9.5/15.8GB,C:88.4/149GB,1920x1080,Microsoft Windows 11 专业版(64 位) Build 26100 v10.0.26100,(UTC+08:00) 北京，重庆，香港特别行政区，乌鲁木齐,Integration,auto
fb_6954f540616a01005ac7920b,pc,怎么不能上传了云盘了,WPS OFFICE,,,,home,12.1.0.24034,12012.2019,1767175478102_1.4_148efa3e8281,CDC40AE7DA454A61A08376B265BFE265,894e16e5589f3441a0c172d0af3c05ea,,,,Win32,Win32,,,,,,2025/12/31 18:04,未处理,,0,,,,,zh-CN,C:\Users\Administrator\AppData\Local\Kingsoft\WPS Office\12.1.0.24034 (1381MB),"Intel(R) Core(TM) i3-3217U CPU @ 1.80GHz, 1.80GHz, ASUSTeK COMPUTER INC. X550CC","Intel(R) HD Graphics 4000, VRAM, Driver v9.17.10.4229",PC-202309021433,Unknown Memory-1600 SDRAM:3.5/7.9GB,C:46.6/238GB,1366x768,Microsoft Windows 7 旗舰版 (64-bit) Build 7601 v6.1.7601,(UTC+08:00) 北京，重庆，香港特别行政区，乌鲁木齐,Integration,manual
fb_6954f46538041a00537e144b,pc,迁入对象时选择文件创建时，每次都操作不成功（我可以非常确认打开这个文件），就算重启电脑再操作也是如此，就是标准的excel文件，发给别人就能正常添加。这是什么原因。。。。,WPS OFFICE,,,,home,12.1.0.20784,12012.2019,1767175268506_0.1_47ee99f4d972,CA384863BCEF45C49DC3936A5942A802,cea84489401607c84ce57325fdf6ee0d,,,,Win32,Win32,,,,,,2025/12/31 18:01,未处理,,2,"https://admin-get.wps.cn/api/admin/v1/feedback/ks3_file/userfile/1767174917479/o_1jdptikdetui12ao11d61q6qgsre.png
https://admin-get.wps.cn/api/admin/v1/feedback/ks3_file/userfile/1767174917479/o_1jdptjpg31ooo1udg11m4b2i1vq0p.png",,,,zh-CN,C:\Program Files (x86)\WPS Office\12.1.0.20784 (1336MB),"Intel(R) Core(TM) Ultra 5 125H, 3.60GHz, HUAWEI ENZH-XX-PCB","OrayIddDriver Device, VRAM, Driver v17.1.58.818 Sharing Monitor, VRAM, Driver v17.1.40.460 Intel(R) Arc(TM) Graphics, 2048MB VRAM, Driver v32.0.101.8331",hu,Unknown Memory-7467 SDRAM:21.1/31.5GB,C:200.6/300GB,2880x1920,Microsoft Windows 11 专业版(64 位) Build 26100 v10.0.26100,(UTC+08:00) 北京，重庆，香港特别行政区，乌鲁木齐,,manual
fb_6954f4472de9f70053172d3a,pc,电脑端打不开云文档同步,WPS OFFICE,,,,home,12.1.0.24034,20.2706,1767175239481_3.11_6fca7e6bc895,647FB1D0F62C42E98C5DC6245BD89AB6,5ad1ef139741afeede0927677922779d,,,,Win32,Win32,,,,,,2025/12/31 18:00,未处理,,1,https://admin-get.wps.cn/api/admin/v1/feedback/ks3_file/userfile/1767175146879/o_1jdptk9co132b67617g6vkt1qmse.png,,,,zh-CN,D:\yingyong\WPSOffice\WPS Office\12.1.0.24034 (1277MB),"AMD Ryzen 7 4800H with Radeon Graphics         , 2.90GHz, LENOVO LNVNB161216","NVIDIA GeForce GTX 1650 Ti, VRAM, Driver v30.0.14.7219",LAPTOP-5P9TPM3I,DDR4-3200 SDRAM:9.4/15.4GB,"C:159.5/199GB, D:171.4/488GB",1920x1080,Microsoft Windows 10 家庭中文版(64 位) Build 19045 v10.0.19045,(UTC+08:00) 北京，重庆，香港特别行政区，乌鲁木齐,Integration,manual
fb_6954f356e782ad00534b0711,pc,为什么上传不了视频,WPS OFFICE,,,,home,12.1.0.23542,20.2706,1767174998198_179.45_b220c3725167,6715058F87C54E8E986BC7D19B3B1456,2a40814f8158899e16e808a1353053fa,,,,Win32,Win32,,,,,,2025/12/31 17:56,未处理,,0,,,,,zh-CN,C:\Users\86139\AppData\Local\Kingsoft\WPS Office\12.1.0.23542 (1368MB),"Intel(R) Core(TM) i5-1035G1 CPU @ 1.00GHz, 1.19GHz, LENOVO LNVNB161216","NVIDIA GeForce MX350, VRAM, Driver v27.21.14.6230 Intel(R) UHD Graphics, 1024MB VRAM, Driver v27.20.100.9168",LAPTOP-CEGVGVPE,DDR4-3200 SDRAM:7.9/15.8GB,C:89.2/100GB,1920x1080,Microsoft Windows 10 家庭中文版(64 位) Build 19045 v10.0.19045,(UTC+08:00) 北京，重庆，香港特别行政区，乌鲁木齐,Integration,auto
fb_6954f2a6b1404a004c82e1c2,pc,保存的文档不见了？我明明下午做了的,WPS OFFICE,,,,home,12.1.0.24034,50.524,1767174821374_1.17_da5ceb3a06ff,51DA1F1BCC4A4E1F816E695FE880E3E7,6d5b0d321e17128880d7df76e80dc104,,,,Win32,Win32,,,,,,2025/12/31 17:53,未处理,,1,https://admin-get.wps.cn/api/admin/v1/feedback/ks3_file/userfile/1767174772500/o_1jdpt73fd15o91p311vmt1fq5abge.pptx,,,,zh-CN,C:\Users\16779\AppData\Local\Kingsoft\WPS Office\12.1.0.24034 (1410MB),"12th Gen Intel(R) Core(TM) i5-12400, 2.50GHz, Acer H610FI10-AJ-U6","Intel(R) UHD Graphics 730, 1024MB VRAM, Driver v30.0.101.1002",yibiyi,DDR4-3200 SDRAM:11.0/15.8GB,C:99.5/119GB,1920x1080,Microsoft Windows 11 家庭中文版(64 位) Build 22631 v10.0.22631,(UTC+08:00) 北京，重庆，香港特别行政区，乌鲁木齐,Integration,auto
fb_6954f1ed3dc417005ae62f4c,pc,软件外观是改变了，但是内部还是白色的,外观设置,,,,wpsoffice,12.1.0.24034,20.3076,,5AF3E583A2B945E7A30B4311FBA1483F,51f2db0bb48eacf911515913de43fcd3,,,,Win32,Win32,,,,,,2025/12/31 17:50,未处理,,0,,,,,zh-CN,D:\Kingsoft\WPS Office\12.1.0.24034 (1351MB),"12th Gen Intel(R) Core(TM) i7-12700K, 3.61GHz, Micro-Star International Co., Ltd. MAG B660M MORTAR DDR4 (MS-7D42)","AMD Radeon RX 6950 XT, VRAM, Driver v32.0.21025.25005",DESKTOP-5BIGUP9,DDR4-2667 SDRAM:19.8/63.8GB,"C:73.7/200GB, D:56.0/377GB",3840x2160,Microsoft Windows 11 专业版(64 位) Build 26200 v10.0.26200,(UTC+08:00) 北京，重庆，香港特别行政区，乌鲁木齐,Integration,manual
fb_6954f1d8616a01005ac791f7,pc,电流传感器翻译成电龄换器,AI划词功能,AI 解释/翻译/总结功能,生成结果不满意;未按要求生成结果;生成结果存在错误,,wps,12.1.0.24034,12012.2019,1767174739393_77.225_cf8d05f6b929,8413502BEA2543FCAC088FD0AEAE06CF,203ed33b38ce974bcbb938530a7f6fcb,,,,Win32,Win32,,,,,,2025/12/31 17:50,未处理,,0,,,,,zh-CN,C:\Users\19412\AppData\Local\Kingsoft\WPS Office\12.1.0.24034 (1365MB),"Intel(R) Core(TM) i7-10875H CPU @ 2.30GHz, 2.30GHz, LENOVO LNVNB161216","USB Mobile Monitor Virtual Display, VRAM, Driver v2.0.0.1 OrayIddDriver Device, VRAM, Driver v17.1.58.818 NVIDIA GeForce RTX 2080 Super with Max-Q Design, VRAM, Driver v32.0.15.7602",DESKTOP-35SSUUR,DDR4-3200 SDRAM:14.0/63.9GB,C:291.1/399GB,1920x1080,Microsoft Windows 10 专业版(64 位) Build 19045 v10.0.19045,(UTC+08:00) 北京，重庆，香港特别行政区，乌鲁木齐,Integration,auto
fb_6954f12c118666005a2b1950,pc,拆分文档显示网络异常,PC端个人中心,,,,wpsoffice,12.1.0.23542,12012.2019,,807583F1DC554101BD2A1AF5E64748CE,969f0e2e6e6ecd0335b8eff4c839065e,,,,Win32,Win32,,,,,,2025/12/31 17:47,未处理,,0,,,,,zh-CN,,"13th Gen Intel(R) Core(TM) i5-1335U, 1.30GHz, HP 8CCC","OrayIddDriver Device, VRAM, Driver v17.50.19.949 Intel(R) UHD Graphics, 2048MB VRAM, Driver v32.0.101.6556",5CG5125YN3,DDR4-3200 SDRAM:7.8/15.7GB,C:100.6/476GB,1920x1080,Microsoft Windows 11 家庭版(64 位) Build 26200 v10.0.26200,(UTC+08:00) 北京，重庆，香港特别行政区，乌鲁木齐,Integration,manual
fb_6954f0b8d449ec005a1e98f3,pc,电脑突然死机断网，做了一半的word文档没有保存，请问可以找回吗？,WPS OFFICE,,,,home,12.1.0.24034,12012.2019,1767174328091_111.138_02e19e45004a,A9DDA470809443FA8D3FD972DAAE38CF,8b3d517b7fc509ffdc0f54a001258a5e,,,,Win32,Win32,,,,,,2025/12/31 17:45,未处理,,0,,,,,zh-CN,G:\WPS Office\12.1.0.24034 (1351MB),"Intel(R) Core(TM) i5-8400 CPU @ 2.80GHz, 2.81GHz, ONDA 9D4-VH-D","GameViewer Virtual Display Adapter, VRAM, Driver v17.13.25.697 Intel(R) UHD Graphics 630, 1024MB VRAM, Driver v27.20.100.9316",MM-2025042512104,DDR4-3200 SDRAM:6.5/7.9GB,"C:100.6/238GB, G:52.1/233GB",1920x1080,Microsoft Windows 10 专业版(64 位) Build 19043 v10.0.19043,(UTC+08:00) 北京，重庆，香港特别行政区，乌鲁木齐,Integration,manual
fb_6954f0a6b1404a004c82e1aa,pc,云服务,WPS OFFICE,,,,home,12.1.0.24034,12012.2019,1767174307696_1.3_76eee9fe59b0,76CABFB0278143B6B6759506C9BB4975,297a7e762ca927cf75444e386afde141,,,,Win32,Win32,,,,,,2025/12/31 17:45,未处理,,1,https://admin-get.wps.cn/api/admin/v1/feedback/ks3_file/userfile/1767174184431/o_1jdpsnapkj40ndi1oqe11sqqdle.png,,,,zh-CN,D:\WPS\WPS Office\12.1.0.24034 (1230MB),"Intel(R) Core(TM) i7-2600 CPU @ 3.40GHz, 3.40GHz, OEM H61","OrayIddDriver Device, VRAM, Driver v17.50.19.949 NVIDIA GeForce GTX 1060 3GB, VRAM, Driver v32.0.15.6094",HL厂房办公室,DDR3-1600 SDRAM:3.9/16.0GB,"C:47.4/59GB, D:24.6/108GB",1920x1080,Microsoft Windows 10 专业版(64 位) Build 19045 v10.0.19045,(UTC+08:00) 北京，重庆，香港特别行政区，乌鲁木齐,Integration,auto
fb_6954f091b1404a004c82e19e,pc,反馈产品 WPS OFFICE 反馈内容,WPS OFFICE,,,,HOME,12.1.0.24657,50.517,1767174294009_110.25_535d8b3e77b5,FFC5D52C0E8D43BFA2AFBDD34E52489E,b35ff01c458010186b2bcc7636b670ae,,,,Win32,Win32,,,,,,2025/12/31 17:44,未处理,,0,,,,,zh-CN,C:\Users\Administrator\AppData\Local\Kingsoft\WPS Office\12.1.0.24657 (1308MB),"Intel(R) Core(TM) i3-3220 CPU @ 3.30GHz, 3.30GHz, BIOSTAR Group H61MGV","Intel(R) HD Graphics, VRAM, Driver v10.18.10.4425",PC-20140331RLKB,Unknown Memory-1600 SDRAM:4.0/7.9GB,C:36.9/112GB,1920x1080,Microsoft Windows 7 旗舰版 (64-bit) Build 7601 v6.1.7601,(UTC+08:00) 北京，重庆，香港特别行政区，乌鲁木齐,Integration,unknown
fb_6954f070ab7987004cfd4be5,pc,我给孩子打印微信里老师发的试卷，如何最快捷的用WPS里的一键清晰功能？,WPS OFFICE,,,,home,12.1.0.24034,20.2841,1767174256174_1.5_745f53fa7c29,64A73B8BB05748FBBE3EFAB5B82B32BF,69b39161a6b6acfcdc7a9e6a6d65fef4,,,,Win32,Win32,,,,,,2025/12/31 17:44,未处理,,0,,,,,zh-CN,C:\Users\Administrator\AppData\Local\Kingsoft\WPS Office\12.1.0.24034 (1351MB),"Intel(R) Core(TM) i7-8750H CPU @ 2.20GHz, 2.21GHz, Dell Inc. 075F7T","NVIDIA GeForce GTX 1050 Ti, VRAM, Driver v30.0.14.7212 Intel(R) UHD Graphics 630, 1024MB VRAM, Driver v31.0.101.2115",PC-20251213UVMP,DDR4-2667 SDRAM:5.4/7.8GB,C:25.1/119GB,1920x1080,Microsoft Windows 10 专业版(64 位) Build 19045 v10.0.19045,(UTC+08:00) 北京，重庆，香港特别行政区，乌鲁木齐,Integration,manual
fb_6954eff726195c0053e71ed3,pc,在windows上wps可以显示上方页眉，mac上显示不出来,帮助中心,其他，请在反馈内容描述您的问题,,,wps,12.1.0.18608,50.524,1767174132405_55.3_c59b5682b55c,12F2FF362870459E84D2E847B33AD357,1a093e3d0b57ef41ac82eeba42672f10,,,,Win32,Win32,,,,,,2025/12/31 17:42,未处理,,2,"https://admin-get.wps.cn/api/admin/v1/feedback/ks3_file/userfile/1767174019844/o_1jdpsh9641tl213pcqls1isupl9e.png
https://admin-get.wps.cn/api/admin/v1/feedback/ks3_file/userfile/1767174019844/o_1jdpshm3l81q16gi1p64c1b1pp4p.png",,,,zh-CN,C:\Users\baojian\AppData\Local\Kingsoft\WPS Office\12.1.0.18608 (1111MB),"Apple Silicon, 3.07GHz, Parallels ARM Virtual Machine Parallels ARM Virtual Platform","Parallels Display Adapter (WDDM), VRAM, Driver v20.18.2611.57288",PC19,DRAM SDRAM:5.4/6.0GB,C:154.3/255GB,2940x1846,Microsoft Windows 11 专业版(ARM 64 位处理器) Build 26100 v10.0.26100,(UTC+08:00) 伊尔库茨克,,manual
fb_6954eff23dc417005ae62f34,pc,表格里边自己做的流程图为什么不能编辑了？,PC端个人中心,,,,wpsoffice,12.1.0.24034,50.513,,25A05BFC3B184C5ABA37D84CD0AC6206,d59fd079d2baed0b7c83a2674ba0a48b,,,,Win32,Win32,,,,,,2025/12/31 17:42,未处理,,2,"https://admin-get.wps.cn/api/admin/v1/feedback/ks3_file/userfile/1767174068440/o_1jdpsjoffnjahp1rgt17041kj8e.png
https://admin-get.wps.cn/api/admin/v1/feedback/ks3_file/userfile/1767174068440/o_1jdpskfvkdmm1ufv7ur1db21h3pp.png",,,,zh-CN,G:\WPS Office\12.1.0.24034 (1271MB),"12th Gen Intel(R) Core(TM) i5-12400, 2.50GHz, ASUSTeK COMPUTER INC. H610M-D3H/M.2 D4","OrayIddDriver Device, VRAM, Driver v17.1.58.818 AMD Radeon RX 580 2048SP, VRAM, Driver v31.0.12019.5007",T-QDIKLJHLNGLKU,DDR4-3200 SDRAM:10.8/15.8GB,"C:65.4/100GB, G:6.7/466GB",1920x1080,Microsoft Windows 10 专业版(64 位) Build 18362 v10.0.18362,(UTC+08:00) 北京，重庆，香港特别行政区，乌鲁木齐,Integration,auto
fb_6954efd3e782ad00534b06f5,pc,登入的状态下，编辑框无法正常使用,PC端个人中心,,,,wpsoffice,12.1.0.22525,50.524,,1C504F6694BA4ADFAC2BB8E959CA8AA6,ace73bd9616232bcd62f09437ab0f902,,,,Win32,Win32,,,,,,2025/12/31 17:41,未处理,,0,,,,,zh-CN,C:\Users\黄颖\AppData\Local\Kingsoft\WPS Office\12.1.0.22525 (1308MB),"11th Gen Intel(R) Core(TM) i3-1115G4 @ 3.00GHz, 3.00GHz, ASUSTeK COMPUTER INC. I421EAYB","Intel(R) UHD Graphics, 1024MB VRAM, Driver v30.0.100.9929",LAPTOP-1316B79N,DDR4-3200 SDRAM:6.2/7.7GB,C:214.7/475GB,1920x1080,Microsoft Windows 11 家庭中文版(64 位) Build 26200 v10.0.26200,(UTC+08:00) 北京，重庆，香港特别行政区，乌鲁木齐,,manual
fb_6954ef603dc417005ae62f2e,pc,请问我右键的功能键怎么不见了，图片还转换不了pdf,独立版PDF,,,,home,12.6.0.17183,12012.1,,95A36023A76341C9A1129B9BCD0173A2,9adbdccc06475ddee2a397f5be0fbd3d,,,,Win32,Win32,,,,,,2025/12/31 17:39,未处理,,0,,,,,zh-CN,E:\Kingsoft PDF\12.6.0.17183 (617MB),"Intel(R) Core(TM) i7-8706G CPU @ 3.10GHz, 3.10GHz, Default string Default string","Radeon RX Vega M GL Graphics, VRAM, Driver v25.20.15032.3007",PC-EJ9SFBHEDB25,DDR4-2667 SDRAM:6.7/16.0GB,"C:77.1/120GB, E:10.0/178GB",1920x1080,Microsoft Windows 10 专业版(64 位) Build 19045 v10.0.19045,(UTC+08:00) 北京，重庆，香港特别行政区，乌鲁木齐,,manual
fb_6954ef48d449ec005a1e98e8,pc,文件删不掉，需要关机重启才能删掉。,WPS OFFICE,,,,home,12.1.0.24034,12012.2019,1767173964053_0.42_09eb42732e86,BE4E4303F68E48479F5B7401287A4214,532487ba7790fd1c1f356ccc10480777,,,,Win32,Win32,,,,,,2025/12/31 17:39,未处理,,0,,,,,zh-CN,C:\Users\Administrator\AppData\Local\Kingsoft\WPS Office\12.1.0.24034 (1351MB),"12th Gen Intel(R) Core(TM) i5-12400F, 2.50GHz, ASUSTeK COMPUTER INC. PRIME H610M-K D4","OrayIddDriver Device, VRAM, Driver v17.1.58.818 NVIDIA Quadro P400, VRAM, Driver v32.0.15.7159",Cindy,DDR4-2666 SDRAM:8.2/15.8GB,C:140.0/281GB,1920x1080,Microsoft Windows 10 教育版(64 位) Build 19045 v10.0.19045,(UTC+08:00) 北京，重庆，香港特别行政区，乌鲁木齐,Integration,auto
fb_6954ef11118666005a2b193f,pc,打不开表格了， 显示文档打开失败，正在尝试修复， 我的资料不会没有了吧， 我可是会员啊， 交了会费的呀，,WPS表格,,,,wpsoffice,12.1.0.24034,20.2707,,C0F4E3EE26D6409E87DA6B997C8E0A25,4fd3659d9ffd41caec7c79bdf3dd5436,,,,Win32,Win32,,,,,,2025/12/31 17:38,未处理,,0,,,,,zh-CN,C:\Users\Administrator\AppData\Local\Kingsoft\WPS Office\12.1.0.24034 (1352MB),"Intel(R) Pentium(R) CPU 5405U @ 2.30GHz, 2.30GHz, To be filled by O.E.M. ITo be filled by O.E.M.","OrayIddDriver Device, VRAM, Driver v17.1.58.818 Intel(R) UHD Graphics 610, 1024MB VRAM, Driver v31.0.101.2127",A-001,DDR4-2667 SDRAM:10.4/15.9GB,C:131.5/203GB,1920x1080,Microsoft Windows 10 专业版(64 位) Build 19045 v10.0.19045,(UTC+08:00) 北京，重庆，香港特别行政区，乌鲁木齐,Integration,auto
fb_6954eefa616a01005ac791d2,pc,怎么再不改变原有软件的基础上把wps由32位升级到64位,WPS OFFICE,,,,home,12.1.0.24034,12012.2019,1767173881303_0.108_7233d7a030cd,60D40110A80E461CA2047D878C98FA8F,310d31312031149d4f25327d851d80fb,,,,Win32,Win32,,,,,,2025/12/31 17:38,未处理,,0,,,,,zh-CN,C:\Users\Administrator\AppData\Local\Kingsoft\WPS Office\12.1.0.24034 (1341MB),"12th Gen Intel(R) Core(TM) i3-12100, 3.30GHz, Onda technology corporation H610-VH4","OrayIddDriver Device, VRAM, Driver v17.1.58.818 Intel(R) UHD Graphics 730, 128MB VRAM, Driver v31.0.101.5522",SKY-20220521FUR,DDR4-2133/DDR4-2667 SDRAM:26.8/31.8GB,C:139.4/164GB,1920x1080,Microsoft Windows 10 专业版(64 位) Build 19045 v10.0.19045,(UTC+08:00) 北京，重庆，香港特别行政区，乌鲁木齐,Integration,auto
fb_6954eebce782ad00534b06e0,pc,打不开EXCLE了，   显示文档打开失败，正在尝试修复， 这啥情况啊,PC端个人中心,,,,wpsoffice,12.1.0.24034,20.2707,,C0F4E3EE26D6409E87DA6B997C8E0A25,4fd3659d9ffd41caec7c79bdf3dd5436,,,,Win32,Win32,,,,,,2025/12/31 17:37,未处理,,0,,,,,zh-CN,C:\Users\Administrator\AppData\Local\Kingsoft\WPS Office\12.1.0.24034 (1352MB),"Intel(R) Pentium(R) CPU 5405U @ 2.30GHz, 2.30GHz, To be filled by O.E.M. ITo be filled by O.E.M.","OrayIddDriver Device, VRAM, Driver v17.1.58.818 Intel(R) UHD Graphics 610, 1024MB VRAM, Driver v31.0.101.2127",A-001,DDR4-2667 SDRAM:10.4/15.9GB,C:131.5/203GB,1920x1080,Microsoft Windows 10 专业版(64 位) Build 19045 v10.0.19045,(UTC+08:00) 北京，重庆，香港特别行政区，乌鲁木齐,Integration,auto
fb_6954ee96d449ec005a1e98e2,pc,傻逼啊 都找不到卸载地方,WPS解压,,,,WPS解压,12.1.0.24034,12012.2019,,100936D575384C4BB2EDACA256360509,20a4ea026fa5253056d1f44f32a19b2f,,,,Win32,Win32,,,,,,2025/12/31 17:36,未处理,,0,,,,,zh-CN,,,,,,,,,,,manual
fb_6954ee5fab7987004cfd4bdf,pc,“大会员用户仍收到超级会员推送,PC端个人中心,,,,wpsoffice,12.1.0.24034,12012.2019,,6350FFE9135847F6AC9A4D2761F90060,6fb38a7081cc28d07f8ffe40be57e2c4,,,,Win32,Win32,,,,,,2025/12/31 17:35,未处理,,0,,,,,zh-CN,D:\Microsoft Edge自带浏览器下载存储\WPS\WPS Office\12.1.0.24034 (1412MB),"Intel(R) Core(TM) i5-9300H CPU @ 2.40GHz, 2.40GHz, Dell Inc. 0K1VDX","Intel(R) UHD Graphics 630, 1024MB VRAM, Driver v27.20.100.9664 NVIDIA GeForce GTX 1050, VRAM, Driver v31.0.15.2737",DESKTOP-1JO0ARS,DDR4-2667 SDRAM:6.8/7.8GB,"C:122.1/238GB, D:132.5/195GB",1920x1080,Microsoft Windows 10 家庭版(64 位) Build 19045 v10.0.19045,(UTC+08:00) 北京，重庆，香港特别行政区，乌鲁木齐,Integration,manual
fb_6954edf9ab7987004cfd4bd8,pc,在绘制折线图的时候，横向数值不识别，但是数据中有这些数据，绘制的折线图是一个竖线，有bug。,WPS OFFICE,,,,home,12.1.0.24034,50.513,,6460C2B8EB0042D3A515A7181532B769,f21dfa6c6871e00f72ebd27836bf8ffc,,,,Win32,Win32,,,,,,2025/12/31 17:33,未处理,,1,https://admin-get.wps.cn/api/admin/v1/feedback/ks3_file/userfile/1767173484264/o_1jdps082i1k21cu419vv6ulsa4e.xlsx,,,,zh-CN,D:\ap\Kingsoft\WPS Office\12.1.0.24034 (1351MB),"Intel(R) Core(TM) i5-4590 CPU @ 3.30GHz, 3.30GHz, ASUSTeK COMPUTER INC. B85M-V PLUS","OrayIddDriver Device, VRAM, Driver v17.50.19.949 mv video hook driver2, VRAM, Driver v6.0.1.0 NVIDIA GeForce GT 730, VRAM, Driver v27.21.14.5671",DESKTOP-D3AEE6N,DDR3-1600 SDRAM:9.4/15.9GB,"C:103.9/112GB, D:170.8/310GB",1920x1080,Microsoft Windows 10 专业版(64 位) Build 19045 v10.0.19045,(UTC+08:00) 北京，重庆，香港特别行政区，乌鲁木齐,Integration,manual
fb_6954eda32de9f70053172d10,pc,如何回复这个内容？？？？？？、,PC端个人中心,,,,wpsoffice,12.1.0.24034,50.513,,815467990D784D618EC86AB6FB06129A,541979db8a9c83416057e55c48e9e5ab,,,,Win32,Win32,,,,,,2025/12/31 17:32,未处理,,1,https://admin-get.wps.cn/api/admin/v1/feedback/ks3_file/userfile/1767173520621/o_1jdps01361vn013q71vti14lm1guae.png,,,,zh-CN,E:\Program Files (x86)\Kingsoft\WPS Office\12.1.0.24034 (1367MB),"Intel(R) Core(TM) i5-4440 CPU @ 3.10GHz, 3.10GHz, ASUSTeK COMPUTER INC. B85M-G","Intel(R) HD Graphics 4600, 1024MB VRAM, Driver v20.19.15.4531",DESKTOP-9BOPHC9,DDR3-1600 SDRAM:5.2/7.9GB,"C:51.4/150GB, E:8.1/150GB",1600x900,Microsoft Windows 10 专业版(64 位) Build 19045 v10.0.19045,(UTC+08:00) 北京，重庆，香港特别行政区，乌鲁木齐,Integration,manual
fb_6954ed323dc417005ae62f12,pc,我的wps手机端，通过图片转PDF存在以下问题： 1、PDF文件特别大； 2、图片本身是竖拍的，导入PDF后是横的，而且没有旋转图片按钮。。。 总之升级后很不好用，求帮助。,WPS OFFICE,,,,home,12.1.0.24034,12012.2019,1767173461666_21.213_bfb80b8d1677,8408C540B107423590521026CD59DB03,107d3a874a7e59aa2b51f0b8066d015b,,,,Win32,Win32,,,,,,2025/12/31 17:30,未处理,,0,,,,,zh-CN,C:\Users\87090\AppData\Local\Kingsoft\WPS Office\12.1.0.24034 (1351MB),"Intel(R) Core(TM) i5-10210U CPU @ 1.60GHz, 2.11GHz, LENOVO 20T2A00CCD","Intel(R) UHD Graphics, 1024MB VRAM, Driver v31.0.101.2114",实践,DDR4-3200 SDRAM:6.5/15.8GB,C:108.1/119GB,1920x1080,Microsoft Windows 11 家庭中文版(64 位) Build 22631 v10.0.22631,(UTC+08:00) 北京，重庆，香港特别行政区，乌鲁木齐,Integration,auto
fb_6954ec9f2de9f70053172cfe,pc,登入之后无法正常编辑,WPS OFFICE,,,,home,12.1.0.18608,50.524,,1C504F6694BA4ADFAC2BB8E959CA8AA6,ace73bd9616232bcd62f09437ab0f902,,,,Win32,Win32,,,,,,2025/12/31 17:27,未处理,,0,,,,,zh-CN,C:\Users\黄颖\AppData\Local\Kingsoft\WPS Office\12.1.0.18608 (1139MB),"11th Gen Intel(R) Core(TM) i3-1115G4 @ 3.00GHz, 3.00GHz, ASUSTeK COMPUTER INC. I421EAYB","Intel(R) UHD Graphics, 1024MB VRAM, Driver v30.0.100.9929",LAPTOP-1316B79N,DDR4-3200 SDRAM:7.0/7.7GB,C:214.3/475GB,1920x1080,Microsoft Windows 11 家庭中文版(64 位) Build 26200 v10.0.26200,(UTC+08:00) 北京，重庆，香港特别行政区，乌鲁木齐,,manual
fb_6954ec94b28a0c004c50bd86,pc,好卡好卡，超级无敌卡！文件大了点就超级卡怎么回事,WPS OFFICE,,,,home,12.1.0.24034,20.3076,1767173268595_31.42_ccdc753a445c,5DF6789DD9924D31BAC3CD394A56F6C6,d3dd9df2709738208f3e77bbac4d497f,,,,Win32,Win32,,,,,,2025/12/31 17:27,未处理,,0,,,,,zh-CN,C:\Users\user\AppData\Local\Kingsoft\WPS Office\12.1.0.24034 (1382MB),"Intel(R) Core(TM) i7-10750H CPU @ 2.60GHz, 2.59GHz, Dell Inc. 0T8H46","NVIDIA GeForce RTX 2060, VRAM, Driver v32.0.15.6641 Intel(R) UHD Graphics, 1024MB VRAM, Driver v31.0.101.2125",DESKTOP-51DLCND,DDR4-3200 SDRAM:12.6/15.8GB,C:170.7/199GB,1920x1080,Microsoft Windows 11 家庭中文版(64 位) Build 26100 v10.0.26100,(UTC+08:00) 北京，重庆，香港特别行政区，乌鲁木齐,Integration,manual
fb_6954ebdb3dc417005ae62ef3,pc,表格出现卡顿，是什么原因，多个人协同都有这问题,WPS云文档,,,,wpsoffice,12.1.0.24034,1.1,,834C6CC09FFA4F4089FE6E4B3B5D14E9,26a5c3d3257415270635fa89b41f2942,,,,Win32,Win32,,,,,,2025/12/31 17:24,未处理,,0,,,,,zh-CN,D:\wps\WPS Office\12.1.0.24034 (1388MB),"13th Gen Intel(R) Core(TM) i5-13400, 2.50GHz, Gigabyte Technology Co., Ltd. B760M E","Intel(R) UHD Graphics 730, 2048MB VRAM, Driver v32.0.101.6129 OrayIddDriver Device, VRAM, Driver v17.1.58.818",DESKTOP-0335STP,Unknown Memory-5600 SDRAM:15.9/63.8GB,"C:140.9/202GB, D:10.5/263GB",1920x1080,Microsoft Windows 10 专业版(64 位) Build 19045 v10.0.19045,(UTC+08:00) 北京，重庆，香港特别行政区，乌鲁木齐,Integration,manual
fb_6954eb0c12fa9b004c7d66a4,pc,自己启动 玩着游戏干着别的事情自己弹出来,WPS OFFICE,,,,home,12.1.0.24034,12012.2019,,A8AFC33C1FD8441C8312EEE0D43E662F,38ecd0f60616f5680668cf3cc78c0364,,,,Win32,Win32,,,,,,2025/12/31 17:21,未处理,,0,,,,,zh-CN,D:\WPS Office\12.1.0.24034 (1351MB),"Intel(R) Core(TM) i5-10400F CPU @ 2.90GHz, 2.90GHz, Micro-Star International Co., Ltd. CIA393C25B775 (CIA393C)","NVIDIA GeForce GTX 1650, VRAM, Driver v32.0.15.6094",D7760107EF8E298,DDR4-3600 SDRAM:3.0/15.9GB,"C:40.6/50GB, D:99.2/188GB",1920x1080,Microsoft Windows 10 专业版(64 位) Build 19045 v10.0.19045,(UTC+08:00) 北京，重庆，香港特别行政区，乌鲁木齐,Integration,manual
fb_6954ea7fe782ad00534b06d3,pc,"我是大会员, 双击打开excel.ppt word总是报这个错,要重启电脑才能正常使用, 一天出现7-8次这样, 太影响工作了,麻烦尽快解决一下",PC端个人中心,,,,wpsoffice,12.1.0.24034,50.517,,783F1EF8D56B4425967B8D930FFBF108,e5b682f0e62dc4e8fb8010421f11495e,,,,Win32,Win32,,,,,,2025/12/31 17:18,未处理,,1,https://admin-get.wps.cn/api/admin/v1/feedback/ks3_file/userfile/1767172653211/o_1jdpr5k1g1oj014op1sgqb5tub5e.png,,,,zh-CN,C:\Users\Administrator\AppData\Local\Kingsoft\WPS Office\12.1.0.24034 (1260MB),"13th Gen Intel(R) Core(TM) i7-13620H, 2.40GHz, Dell Inc. 0WTDCW","OrayIddDriver Device, VRAM, Driver v17.1.58.818 Intel(R) UHD Graphics, 2048MB VRAM, Driver v32.0.101.7026",PC-202509240233,Unknown Memory-6400 SDRAM:6.8/15.7GB,C:139.0/420GB,1920x1080,Microsoft Windows 10 专业版(64 位) Build 19045 v10.0.19045,(UTC+08:00) 北京，重庆，香港特别行政区，乌鲁木齐,Integration,auto
fb_6954e927b28a0c004c50bd69,pc,如何设置默认字体和表格大小,WPS OFFICE,,,,home,12.1.0.24034,12012.2019,1767172390176_130.73_cc4cbf31f723,BE8A1348EDFD4248928984A92A0AC07A,90ed3ae8d10136dea1a6a53b3ccd65f8,,,,Win32,Win32,,,,,,2025/12/31 17:13,未处理,,0,,,,,zh-CN,D:\wps办公软件\WPS Office\12.1.0.24034 (1367MB),"13th Gen Intel(R) Core(TM) i5-13400F, 2.50GHz, Gigabyte Technology Co., Ltd. H610M K DDR4","NVIDIA GeForce RTX 3050, VRAM, Driver v32.0.15.7270",DESKTOP-J20MFCE,DDR4-3200 SDRAM:6.0/15.8GB,"C:54.5/200GB, D:9.7/366GB",1920x1080,Microsoft Windows 11 专业版(64 位) Build 22621 v10.0.22621,(UTC+08:00) 北京，重庆，香港特别行政区，乌鲁木齐,Integration,auto
fb_6954e920e782ad00534b06c3,pc,桌面WORD文件和EXCEL文件桌面图标一致，无法进行区分,外观设置,,,,wpsoffice,12.1.0.20784,51.72,,7AB36C6D1EFD470CB5003403F86A2D52,88325a065363368854380a7611b30cef,,,,Win32,Win32,,,,,,2025/12/31 17:13,未处理,,1,https://admin-get.wps.cn/api/admin/v1/feedback/ks3_file/userfile/1767172274491/o_1jdpqsjil1kjc1urh196dl1700e.png,,,,zh-CN,C:\Program Files (x86)\Kingsoft\WPS Office\12.1.0.20784 (1402MB),"Intel(R) Core(TM) i7-8565U CPU @ 1.80GHz, 2.00GHz, LENOVO 20QC000MCD","Radeon (TM) 540X, VRAM, Driver v30.0.14030.0 Intel(R) UHD Graphics 620, 1024MB VRAM, Driver v27.20.100.9749",DESKTOP-FLSLFS3,DDR4-2667 SDRAM:4.9/7.8GB,C:192.9/250GB,1920x1080,Microsoft Windows 10 家庭中文版(64 位) Build 19045 v10.0.19045,(UTC+08:00) 北京，重庆，香港特别行政区，乌鲁木齐,,manual
fb_6954e8f1616a01005ac791b4,pc,在WPS中更改图片时，希望能够加入从剪贴板更改图片的功能。就像微软Word里的这个功能（如附件图片），这个功能可以在文档的现有图片原地更新，而不用删除后担心格式错乱。,剪贴板,,,,wpsoffice,12.1.0.24034,12012.2019,,29EDE00B9E914045843783649D8A6ADC,55ed3c06f235bbc2f7a2439b443fe0e2,,,,Win32,Win32,,,,,,2025/12/31 17:12,未处理,,1,https://admin-get.wps.cn/api/admin/v1/feedback/ks3_file/userfile/1767171888815/o_1jdpqhh4qodqr67c0e1meqi4me.png,,,,zh-CN,C:\Program Files (x86)\Kingsoft\WPS Office\12.1.0.24034 (1367MB),"AMD Ryzen 5 5600U with Radeon Graphics         , 2.30GHz, LENOVO LNVNB161216","OrayIddDriver Device, VRAM, Driver v17.1.58.818 GameViewer Virtual Display Adapter, VRAM, Driver v17.13.25.697 AMD Radeon(TM) Graphics, 512MB VRAM, Driver v27.20.14036.8 NVIDIA GeForce MX450, VRAM, Driver v32.0.15.5612",DESKTOP-M1KMJCE,DDR4-3200 SDRAM:13.6/15.4GB,C:201.2/300GB,2560x1440,Microsoft Windows 10 专业工作站版(64 位) Build 19045 v10.0.19045,(UTC+08:00) 北京，重庆，香港特别行政区，乌鲁木齐,Integration,manual
fb_6954e8e0ab7987004cfd4bb8,pc,能不能支持在文件夹内搜索对应的文件啊，文件夹里面文件太多了，找起来不方便,WPS OFFICE,,,,home,12.1.0.24034,12012.2019,1767172320167_137.1_1b03726ddf34,D209C52C42DC4149921E314F5CE68D6B,53bb9f765a1d81039023e35d827b53cd,,,,Win32,Win32,,,,,,2025/12/31 17:12,未处理,,0,,,,,zh-CN,D:\WPS Office\12.1.0.24034 (1351MB),"Intel(R) Core(TM) i7-1065G7 CPU @ 1.30GHz, 1.50GHz, TIMI TM2003","NVIDIA GeForce MX350, VRAM, Driver v27.21.14.5756 Intel(R) Iris(R) Plus Graphics, 1024MB VRAM, Driver v27.20.100.8984",LAPTOP-31O8VKN2,DDR4-3200 SDRAM:9.2/15.8GB,"C:108.7/146GB, D:57.2/329GB",1920x1080,Microsoft Windows 11 家庭中文版(64 位) Build 26100 v10.0.26100,(UTC+08:00) 北京，重庆，香港特别行政区，乌鲁木齐,Integration,auto
fb_6954e8bb616a01005ac791ae,pc,调整不了字体大小,页眉和页脚,,,,WPS,12.1.0.24657,,,0566A81255394156A47D4004DAAA8936,,,,,Win32,Win32,,,,,,2025/12/31 17:11,未处理,,0,,,,,,,,,,,,,,,,
fb_6954e8543dc417005ae62ed7,pc,账号登录了8个设备，一直提示信用设备上限！！！全部退了再登录只能登录6台电脑，上一会就顶号掉线！！ 信用设备上限不应该是10个设备吗？,PC端个人中心,,,,wpsoffice,12.1.0.24034,20.2706,,28E4CF6A806F48ADA70F4D1208A45EB4,c5f66246aca8c37c50c7b1718413a544,,,,Win32,Win32,,,,,,2025/12/31 17:09,未处理,,0,,,,,zh-CN,D:\HRAppStoreDownload\WPS Office\12.1.0.24034 (1397MB),"ZHAOXIN KaiXian KX-U6780A@2.7GHz, 2.70GHz, KaiTian LXCF-ZXE-ZX200-mATX","Glenfly Arise1020, VRAM, Driver v10.17.22.13",DESKTOP-UMGH9P9,DDR4-3200 SDRAM:6.3/16.0GB,"C:54.1/264GB, D:7.9/200GB",1920x1080,Microsoft Windows 10 专业版(64 位) Build 19045 v10.0.19045,(UTC+08:00) 北京，重庆，香港特别行政区，乌鲁木齐,Integration,manual
fb_6954e8443dc417005ae62ec9,pc,每次都是这样什么意思,PC端个人中心,,,,wpsoffice,12.1.0.24034,12012.2019,,F77FC40281CD4298B8791553534C2D5A,f9a6d235492973b95240b5ea91dba9f3,,,,Win32,Win32,,,,,,2025/12/31 17:09,未处理,,1,https://admin-get.wps.cn/api/admin/v1/feedback/ks3_file/userfile/1767172141381/o_1jdpqlvul1vlkpib1kokmmlvpne.png,,,,zh-CN,C:\Users\盛俊杰\AppData\Local\Kingsoft\WPS Office\12.1.0.24034 (1272MB),"13th Gen Intel(R) Core(TM) i7-1360P, 2.20GHz, HP 8B2B","Intel(R) Iris(R) Xe Graphics, 1024MB VRAM, Driver v31.0.101.4032",LA-shengjunjie,DDR4-3200 SDRAM:11.5/15.7GB,C:85.7/477GB,1920x1080,Microsoft Windows 10 专业版(64 位) Build 19045 v10.0.19045,(UTC+08:00) 北京，重庆，香港特别行政区，乌鲁木齐,Integration,manual
fb_6954e7d13dc417005ae62ec3,pc,怎么更改云盘的存储位置，原云盘在电脑C盘，现内存已满，想更换电脑磁盘储存应如何操作,PC端个人中心,,,,wpsoffice,12.1.0.18276,51.403,,9ABE018452DB4C3589F73D2EDC2EF796,491044f2d4f5eb921db464a06713f540,,,,Win32,Win32,,,,,,2025/12/31 17:07,未处理,,0,,,,,zh-CN,D:\WPS Office\12.1.0.18276,"Intel(R) Core(TM) i3-10105 CPU @ 3.70GHz, 3.70GHz, AOC H510I V3.0","Intel(R) UHD Graphics 630, 1024MB VRAM, Driver v27.20.100.9316",PC-20231212JZFO,DDR4-3200 SDRAM:5.6/7.8GB,"C:99.9/100GB, D:162.1/189GB",1920x1080,Microsoft Windows 10 专业版(64 位) Build 19043 v10.0.19043,(UTC+08:00) 北京，重庆，香港特别行政区，乌鲁木齐,,manual
fb_6954e73fab7987004cfd4ba8,pc,我报名后的会员呢？？？,WPS OFFICE,,,,home,12.1.0.24034,50.524,1767171907546_10.3_7db14f036432,4FA035B35BCE45FEB87E39D7C17D5353,55bbabaefd5525cce0dc05f32cd4ad74,,,,Win32,Win32,,,,,,2025/12/31 17:05,未处理,,0,,,,,zh-CN,C:\Users\白云\AppData\Local\Kingsoft\WPS Office\12.1.0.24034 (1419MB),"12th Gen Intel(R) Core(TM) i7-1265U, 2.70GHz, Microsoft Corporation Surface Laptop 5","OrayIddDriver Device, VRAM, Driver v17.1.58.818 Intel(R) Iris(R) Xe Graphics, 2048MB VRAM, Driver v32.0.101.6737",LAPTOP-GHG9PEK4,Unknown Memory-6400 SDRAM:14.5/31.8GB,C:128.3/952GB,2256x1504,Microsoft Windows 11 专业版(64 位) Build 26100 v10.0.26100,(UTC+08:00) 北京，重庆，香港特别行政区，乌鲁木齐,Integration,auto
fb_6954e6b626195c0053e71e38,pc,明明网络正常，为什么无法操作，并提示无法连接网络,WPS OFFICE,,,,home,12.1.0.24034,12012.2019,1767171765776_1.143_21edec951586,69D7762AC0D240DC8A647744A9DE6AC4,a466cf86bdaf66c7abf1b7819c9ec9c7,,,,Win32,Win32,,,,,,2025/12/31 17:02,未处理,,1,https://admin-get.wps.cn/api/admin/v1/feedback/ks3_file/userfile/1767171731582/o_1jdpq9g1c1vlekf11dpah8u1qmce.png,,,,zh-CN,C:\Users\BUTAO912227\AppData\Local\Kingsoft\WPS Office\12.1.0.24034 (1340MB),"Intel(R) Core(TM) i5-1035G1 CPU @ 1.00GHz, 1.19GHz, TIMI TM2001","NVIDIA GeForce MX350, VRAM, Driver v27.21.14.5756 Intel(R) UHD Graphics, 1024MB VRAM, Driver v27.20.100.8984",LAPTOP-EVA6P7UN,DDR4-3200 SDRAM:9.0/15.8GB,C:136.7/146GB,1920x1080,Microsoft Windows 11 家庭中文版(64 位) Build 26100 v10.0.26100,(UTC+08:00) 北京，重庆，香港特别行政区，乌鲁木齐,Integration,auto
